ISO-10303-21;
HEADER;
/* Generated by software containing ST-Developer
 * from STEP Tools, Inc. (www.steptools.com) 
 */
/* OPTION: using custom renumber hook */

FILE_DESCRIPTION(
/* description */ ('STEP AP242 Edition 2',
'CAx-IF Rec.Pracs.---Representation and Presentation of Product Manufa
cturing Information (PMI)---4.0---2014-10-13',
'CAx-IF Rec.Pracs.---3D Tessellated Geometry---0.4---2014-09-14','2;1',
'CAx-IF Rec.Pracs.---User Defined Attributes---1.5---2016-08-15'),
/* implementation_level */ '2;1');

FILE_NAME(
/* name */ 'corner - Part 1',
/* time_stamp */ '2026-08-12T18:47:33Z',
/* author */ (''),
/* organization */ (''),
/* preprocessor_version */ 'ST-DEVELOPER v20',
/* originating_system */ 'ONSHAPE BY PTC INC, 1.219',
/* authorisation */ '  ');

FILE_SCHEMA (('AP242_MANAGED_MODEL_BASED_3D_ENGINEERING_MIM_LF { 1 0 10303 442 3 1 4 }'));
ENDSEC;

DATA;
#10=SHAPE_REPRESENTATION_RELATIONSHIP('','',#1115,#11);
#11=ADVANCED_BREP_SHAPE_REPRESENTATION('',(#1113),#2107);
#12=(
BOUNDED_SURFACE()
B_SPLINE_SURFACE(3,2,((#2016,#2017,#2018),(#2019,#2020,#2021),(#2022,#2023,
#2024),(#2025,#2026,#2027),(#2028,#2029,#2030),(#2031,#2032,#2033),(#2034,
#2035,#2036)),.UNSPECIFIED.,.F.,.F.,.F.)
B_SPLINE_SURFACE_WITH_KNOTS((4,1,1,1,4),(3,3),(6.28318530717959,6.67588438887831,
7.06858347057703,7.46128255227576,7.85398163397448),(0.,1.),
 .UNSPECIFIED.)
GEOMETRIC_REPRESENTATION_ITEM()
RATIONAL_B_SPLINE_SURFACE(((1.,0.923879532511287,1.),(1.,0.923879532512093,
1.),(1.,0.932510447501316,1.),(1.,0.962880215138169,1.),(1.,0.992123211232947,
1.),(1.,0.999999999999505,1.),(1.,1.,1.)))
REPRESENTATION_ITEM('')
SURFACE()
);
#13=(
BOUNDED_SURFACE()
B_SPLINE_SURFACE(3,2,((#2040,#2041,#2042),(#2043,#2044,#2045),(#2046,#2047,
#2048),(#2049,#2050,#2051),(#2052,#2053,#2054),(#2055,#2056,#2057),(#2058,
#2059,#2060)),.UNSPECIFIED.,.F.,.F.,.F.)
B_SPLINE_SURFACE_WITH_KNOTS((4,1,1,1,4),(3,3),(3.14159265358979,3.53429173528852,
3.92699081698724,4.31968989868597,4.71238898038469),(0.,1.),
 .UNSPECIFIED.)
GEOMETRIC_REPRESENTATION_ITEM()
RATIONAL_B_SPLINE_SURFACE(((1.,0.923879532511287,1.),(1.,0.923879532512093,
1.),(1.,0.932510447501315,1.),(1.,0.96288021513817,1.),(1.,0.992123211232946,
1.),(1.,0.999999999999505,1.),(1.,1.,1.)))
REPRESENTATION_ITEM('')
SURFACE()
);
#14=(
BOUNDED_SURFACE()
B_SPLINE_SURFACE(3,2,((#2061,#2062,#2063),(#2064,#2065,#2066),(#2067,#2068,
#2069),(#2070,#2071,#2072),(#2073,#2074,#2075),(#2076,#2077,#2078),(#2079,
#2080,#2081)),.UNSPECIFIED.,.F.,.F.,.F.)
B_SPLINE_SURFACE_WITH_KNOTS((4,1,1,1,4),(3,3),(4.71238898038469,5.10508806208341,
5.49778714378214,5.89048622548086,6.28318530717959),(0.,1.),
 .UNSPECIFIED.)
GEOMETRIC_REPRESENTATION_ITEM()
RATIONAL_B_SPLINE_SURFACE(((1.,1.,1.),(1.,0.999999999999505,1.),(1.,0.992123211232944,
1.),(1.,0.962880215138181,1.),(1.,0.932510447501276,1.),(1.,0.923879532512181,
1.),(1.,0.923879532511287,1.)))
REPRESENTATION_ITEM('')
SURFACE()
);
#15=(
BOUNDED_SURFACE()
B_SPLINE_SURFACE(3,2,((#2085,#2086,#2087),(#2088,#2089,#2090),(#2091,#2092,
#2093),(#2094,#2095,#2096),(#2097,#2098,#2099),(#2100,#2101,#2102),(#2103,
#2104,#2105)),.UNSPECIFIED.,.F.,.F.,.F.)
B_SPLINE_SURFACE_WITH_KNOTS((4,1,1,1,4),(3,3),(6.28318530717959,6.67588438887831,
7.06858347057703,7.46128255227576,7.85398163397448),(0.,1.),
 .UNSPECIFIED.)
GEOMETRIC_REPRESENTATION_ITEM()
RATIONAL_B_SPLINE_SURFACE(((1.,0.923879532511287,1.),(1.,0.923879532512181,
1.),(1.,0.932510447501275,1.),(1.,0.96288021513818,1.),(1.,0.992123211232943,
1.),(1.,0.999999999999505,1.),(1.,1.,1.)))
REPRESENTATION_ITEM('')
SURFACE()
);
#16=ELLIPSE('',#1229,0.00159504102683419,0.001);
#17=ELLIPSE('',#1233,0.00159504102683419,0.001);
#18=ELLIPSE('',#1234,0.00159504102683419,0.001);
#19=ELLIPSE('',#1238,0.00159504102683419,0.001);
#20=ELLIPSE('',#1245,0.00159504102683419,0.001);
#21=ELLIPSE('',#1249,0.0015950410268342,0.001);
#22=ELLIPSE('',#1250,0.00159504102683419,0.001);
#23=ELLIPSE('',#1254,0.00159504102683419,0.001);
#24=TOROIDAL_SURFACE('',#1222,0.001,0.001);
#25=TOROIDAL_SURFACE('',#1224,0.001,0.001);
#26=TOROIDAL_SURFACE('',#1230,0.001,0.001);
#27=TOROIDAL_SURFACE('',#1240,0.001,0.001);
#28=TOROIDAL_SURFACE('',#1242,0.001,0.001);
#29=TOROIDAL_SURFACE('',#1251,0.001,0.001);
#30=CONICAL_SURFACE('',#1181,0.00125,0.785398163397434);
#31=CONICAL_SURFACE('',#1182,0.00125,0.78539816339743);
#32=CONICAL_SURFACE('',#1183,0.00175,0.785398163397411);
#33=CONICAL_SURFACE('',#1184,0.00175,0.785398163397409);
#34=CONICAL_SURFACE('',#1185,0.00125,0.78539816339745);
#35=CONICAL_SURFACE('',#1186,0.00125,0.785398163397449);
#36=CONICAL_SURFACE('',#1187,0.00175,0.78539816339745);
#37=CONICAL_SURFACE('',#1188,0.00175,0.785398163397449);
#38=CONICAL_SURFACE('',#1189,0.00125,0.785398163397452);
#39=CONICAL_SURFACE('',#1190,0.00125,0.78539816339745);
#40=CONICAL_SURFACE('',#1191,0.00175,0.785398163397452);
#41=CONICAL_SURFACE('',#1192,0.00175,0.78539816339745);
#42=CONICAL_SURFACE('',#1193,0.0066,0.785398163397448);
#43=CONICAL_SURFACE('',#1194,0.0066,0.785398163397448);
#44=CONICAL_SURFACE('',#1208,0.0015,0.785398163397449);
#45=CONICAL_SURFACE('',#1209,0.0015,0.785398163397448);
#46=CONICAL_SURFACE('',#1212,0.0015,0.785398163397446);
#47=CONICAL_SURFACE('',#1213,0.0015,0.785398163397446);
#48=LINE('',#1667,#98);
#49=LINE('',#1670,#99);
#50=LINE('',#1672,#100);
#51=LINE('',#1676,#101);
#52=LINE('',#1682,#102);
#53=LINE('',#1685,#103);
#54=LINE('',#1687,#104);
#55=LINE('',#1689,#105);
#56=LINE('',#1694,#106);
#57=LINE('',#1698,#107);
#58=LINE('',#1702,#108);
#59=LINE('',#1706,#109);
#60=LINE('',#1712,#110);
#61=LINE('',#1715,#111);
#62=LINE('',#1717,#112);
#63=LINE('',#1719,#113);
#64=LINE('',#1726,#114);
#65=LINE('',#1728,#115);
#66=LINE('',#1730,#116);
#67=LINE('',#1734,#117);
#68=LINE('',#1736,#118);
#69=LINE('',#1739,#119);
#70=LINE('',#1741,#120);
#71=LINE('',#1743,#121);
#72=LINE('',#1753,#122);
#73=LINE('',#1756,#123);
#74=LINE('',#1758,#124);
#75=LINE('',#1760,#125);
#76=LINE('',#1762,#126);
#77=LINE('',#1764,#127);
#78=LINE('',#1768,#128);
#79=LINE('',#1778,#129);
#80=LINE('',#1781,#130);
#81=LINE('',#1783,#131);
#82=LINE('',#1785,#132);
#83=LINE('',#1789,#133);
#84=LINE('',#1791,#134);
#85=LINE('',#1793,#135);
#86=LINE('',#1953,#136);
#87=LINE('',#1954,#137);
#88=LINE('',#1956,#138);
#89=LINE('',#1958,#139);
#90=LINE('',#1960,#140);
#91=LINE('',#1962,#141);
#92=LINE('',#1964,#142);
#93=LINE('',#1966,#143);
#94=LINE('',#1972,#144);
#95=LINE('',#1975,#145);
#96=LINE('',#1977,#146);
#97=LINE('',#1979,#147);
#98=VECTOR('',#1285,1.);
#99=VECTOR('',#1286,1.);
#100=VECTOR('',#1287,1.);
#101=VECTOR('',#1290,1.);
#102=VECTOR('',#1297,1.);
#103=VECTOR('',#1298,1.);
#104=VECTOR('',#1299,1.);
#105=VECTOR('',#1300,1.);
#106=VECTOR('',#1305,1.);
#107=VECTOR('',#1308,1.);
#108=VECTOR('',#1311,1.);
#109=VECTOR('',#1314,1.);
#110=VECTOR('',#1321,1.);
#111=VECTOR('',#1322,1.);
#112=VECTOR('',#1323,1.);
#113=VECTOR('',#1324,1.);
#114=VECTOR('',#1331,1.);
#115=VECTOR('',#1332,1.);
#116=VECTOR('',#1333,1.);
#117=VECTOR('',#1336,1.);
#118=VECTOR('',#1339,1.);
#119=VECTOR('',#1340,1.);
#120=VECTOR('',#1341,1.);
#121=VECTOR('',#1342,1.);
#122=VECTOR('',#1353,1.);
#123=VECTOR('',#1354,1.);
#124=VECTOR('',#1355,1.);
#125=VECTOR('',#1356,1.);
#126=VECTOR('',#1357,1.);
#127=VECTOR('',#1358,1.);
#128=VECTOR('',#1361,1.);
#129=VECTOR('',#1372,1.);
#130=VECTOR('',#1373,1.);
#131=VECTOR('',#1374,1.);
#132=VECTOR('',#1375,1.);
#133=VECTOR('',#1378,1.);
#134=VECTOR('',#1379,1.);
#135=VECTOR('',#1380,1.);
#136=VECTOR('',#1483,1.);
#137=VECTOR('',#1484,1.);
#138=VECTOR('',#1487,1.);
#139=VECTOR('',#1490,1.);
#140=VECTOR('',#1493,1.);
#141=VECTOR('',#1496,1.);
#142=VECTOR('',#1499,1.);
#143=VECTOR('',#1502,1.);
#144=VECTOR('',#1513,1.);
#145=VECTOR('',#1514,1.);
#146=VECTOR('',#1515,1.);
#147=VECTOR('',#1516,1.);
#148=PLANE('',#1125);
#149=PLANE('',#1130);
#150=PLANE('',#1132);
#151=PLANE('',#1139);
#152=PLANE('',#1140);
#153=PLANE('',#1144);
#154=PLANE('',#1145);
#155=PLANE('',#1151);
#156=PLANE('',#1160);
#157=PLANE('',#1164);
#158=PLANE('',#1207);
#159=PLANE('',#1210);
#160=PLANE('',#1211);
#161=PLANE('',#1214);
#162=PLANE('',#1218);
#163=B_SPLINE_CURVE_WITH_KNOTS('',3,(#1605,#1606,#1607,#1608,#1609,#1610,
#1611,#1612,#1613,#1614,#1615),.UNSPECIFIED.,.T.,.F.,(1,1,1,1,1,1,1,1,1,
1,1,1,1,1,1),(-0.0029373108471672,-0.0019582072314448,-0.000979103615722401,
0.,0.000979103615722401,0.0019582072314448,0.0029373108471672,0.00391641446288961,
0.00489551807861201,0.00587462169433441,0.00685372531005681,0.00783282892577921,
0.00881193254150161,0.00979103615722401,0.0107701397729464),
 .UNSPECIFIED.);
#164=B_SPLINE_CURVE_WITH_KNOTS('',3,(#1620,#1621,#1622,#1623,#1624,#1625,
#1626,#1627,#1628,#1629,#1630),.UNSPECIFIED.,.T.,.F.,(1,1,1,1,1,1,1,1,1,
1,1,1,1,1,1),(-0.00293731084716719,-0.00195820723144479,-0.000979103615722395,
0.,0.000979103615722395,0.00195820723144479,0.00293731084716718,0.00391641446288958,
0.00489551807861197,0.00587462169433437,0.00685372531005676,0.00783282892577916,
0.00881193254150156,0.00979103615722395,0.0107701397729463),
 .UNSPECIFIED.);
#165=B_SPLINE_CURVE_WITH_KNOTS('',3,(#1635,#1636,#1637,#1638,#1639,#1640,
#1641,#1642,#1643,#1644,#1645),.UNSPECIFIED.,.T.,.F.,(1,1,1,1,1,1,1,1,1,
1,1,1,1,1,1),(-0.00293731084716721,-0.0019582072314448,-0.000979103615722402,
0.,0.000979103615722402,0.0019582072314448,0.00293731084716721,0.00391641446288961,
0.00489551807861201,0.00587462169433441,0.00685372531005682,0.00783282892577922,
0.00881193254150162,0.00979103615722402,0.0107701397729464),
 .UNSPECIFIED.);
#166=B_SPLINE_CURVE_WITH_KNOTS('',3,(#1650,#1651,#1652,#1653,#1654,#1655,
#1656,#1657,#1658,#1659,#1660),.UNSPECIFIED.,.T.,.F.,(1,1,1,1,1,1,1,1,1,
1,1,1,1,1,1),(-0.00293731084716721,-0.00195820723144481,-0.000979103615722405,
0.,0.000979103615722405,0.00195820723144481,0.00293731084716721,0.00391641446288962,
0.00489551807861202,0.00587462169433443,0.00685372531005683,0.00783282892577924,
0.00881193254150164,0.00979103615722405,0.0107701397729464),
 .UNSPECIFIED.);
#167=B_SPLINE_CURVE_WITH_KNOTS('',3,(#1797,#1798,#1799,#1800,#1801,#1802,
#1803,#1804,#1805,#1806,#1807),.UNSPECIFIED.,.T.,.F.,(1,1,1,1,1,1,1,1,1,
1,1,1,1,1,1),(-0.00293731977550355,-0.00195821318366903,-0.000979106591834517,
0.,0.000979106591834517,0.00195821318366903,0.00293731977550355,0.00391642636733807,
0.00489553295917258,0.0058746395510071,0.00685374614284162,0.00783285273467613,
0.00881195932651065,0.00979106591834517,0.0107701725101797),
 .UNSPECIFIED.);
#168=B_SPLINE_CURVE_WITH_KNOTS('',3,(#1809,#1810,#1811,#1812,#1813,#1814,
#1815,#1816,#1817,#1818,#1819),.UNSPECIFIED.,.T.,.F.,(1,1,1,1,1,1,1,1,1,
1,1,1,1,1,1),(-0.00293731977550354,-0.00195821318366903,-0.000979106591834514,
0.,0.000979106591834515,0.00195821318366903,0.00293731977550354,0.00391642636733806,
0.00489553295917257,0.00587463955100709,0.0068537461428416,0.00783285273467612,
0.00881195932651063,0.00979106591834514,0.0107701725101797),
 .UNSPECIFIED.);
#169=B_SPLINE_CURVE_WITH_KNOTS('',3,(#1821,#1822,#1823,#1824,#1825,#1826,
#1827,#1828,#1829,#1830,#1831),.UNSPECIFIED.,.T.,.F.,(1,1,1,1,1,1,1,1,1,
1,1,1,1,1,1),(-0.00293731977550356,-0.00195821318366904,-0.000979106591834519,
0.,0.000979106591834519,0.00195821318366904,0.00293731977550356,0.00391642636733808,
0.0048955329591726,0.00587463955100712,0.00685374614284164,0.00783285273467615,
0.00881195932651067,0.00979106591834519,0.0107701725101797),
 .UNSPECIFIED.);
#170=B_SPLINE_CURVE_WITH_KNOTS('',3,(#1833,#1834,#1835,#1836,#1837,#1838,
#1839,#1840,#1841,#1842,#1843),.UNSPECIFIED.,.T.,.F.,(1,1,1,1,1,1,1,1,1,
1,1,1,1,1,1),(-0.00293731977550355,-0.00195821318366903,-0.000979106591834518,
0.,0.000979106591834517,0.00195821318366903,0.00293731977550355,0.00391642636733807,
0.00489553295917259,0.0058746395510071,0.00685374614284162,0.00783285273467614,
0.00881195932651065,0.00979106591834517,0.0107701725101797),
 .UNSPECIFIED.);
#171=B_SPLINE_CURVE_WITH_KNOTS('',3,(#1851,#1852,#1853,#1854,#1855,#1856,
#1857,#1858,#1859,#1860,#1861),.UNSPECIFIED.,.T.,.F.,(1,1,1,1,1,1,1,1,1,
1,1,1,1,1,1),(-0.0029373108471672,-0.0019582072314448,-0.0009791036157224,
0.,0.0009791036157224,0.0019582072314448,0.0029373108471672,0.0039164144628896,
0.004895518078612,0.0058746216943344,0.0068537253100568,0.0078328289257792,
0.0088119325415016,0.009791036157224,0.0107701397729464),.UNSPECIFIED.);
#172=B_SPLINE_CURVE_WITH_KNOTS('',3,(#1863,#1864,#1865,#1866,#1867,#1868,
#1869,#1870,#1871,#1872,#1873),.UNSPECIFIED.,.T.,.F.,(1,1,1,1,1,1,1,1,1,
1,1,1,1,1,1),(-0.00293731084716718,-0.00195820723144479,-0.000979103615722393,
0.,0.000979103615722393,0.00195820723144479,0.00293731084716718,0.00391641446288957,
0.00489551807861196,0.00587462169433436,0.00685372531005675,0.00783282892577914,
0.00881193254150154,0.00979103615722393,0.0107701397729463),
 .UNSPECIFIED.);
#173=B_SPLINE_CURVE_WITH_KNOTS('',3,(#1875,#1876,#1877,#1878,#1879,#1880,
#1881,#1882,#1883,#1884,#1885),.UNSPECIFIED.,.T.,.F.,(1,1,1,1,1,1,1,1,1,
1,1,1,1,1,1),(-0.00293731084716719,-0.00195820723144479,-0.000979103615722396,
0.,0.000979103615722396,0.00195820723144479,0.00293731084716719,0.00391641446288958,
0.00489551807861198,0.00587462169433438,0.00685372531005677,0.00783282892577917,
0.00881193254150156,0.00979103615722396,0.0107701397729464),
 .UNSPECIFIED.);
#174=B_SPLINE_CURVE_WITH_KNOTS('',3,(#1887,#1888,#1889,#1890,#1891,#1892,
#1893,#1894,#1895,#1896,#1897),.UNSPECIFIED.,.T.,.F.,(1,1,1,1,1,1,1,1,1,
1,1,1,1,1,1),(-0.00293731084716718,-0.00195820723144478,-0.000979103615722392,
0.,0.000979103615722392,0.00195820723144478,0.00293731084716718,0.00391641446288957,
0.00489551807861196,0.00587462169433435,0.00685372531005675,0.00783282892577914,
0.00881193254150153,0.00979103615722392,0.0107701397729463),
 .UNSPECIFIED.);
#175=ORIENTED_EDGE('',*,*,#447,.T.);
#176=ORIENTED_EDGE('',*,*,#448,.F.);
#177=ORIENTED_EDGE('',*,*,#449,.T.);
#178=ORIENTED_EDGE('',*,*,#450,.F.);
#179=ORIENTED_EDGE('',*,*,#451,.T.);
#180=ORIENTED_EDGE('',*,*,#452,.F.);
#181=ORIENTED_EDGE('',*,*,#453,.T.);
#182=ORIENTED_EDGE('',*,*,#454,.F.);
#183=ORIENTED_EDGE('',*,*,#455,.T.);
#184=ORIENTED_EDGE('',*,*,#456,.T.);
#185=ORIENTED_EDGE('',*,*,#457,.T.);
#186=ORIENTED_EDGE('',*,*,#458,.T.);
#187=ORIENTED_EDGE('',*,*,#459,.T.);
#188=ORIENTED_EDGE('',*,*,#460,.T.);
#189=ORIENTED_EDGE('',*,*,#461,.T.);
#190=ORIENTED_EDGE('',*,*,#462,.T.);
#191=ORIENTED_EDGE('',*,*,#463,.T.);
#192=ORIENTED_EDGE('',*,*,#464,.T.);
#193=ORIENTED_EDGE('',*,*,#465,.T.);
#194=ORIENTED_EDGE('',*,*,#466,.T.);
#195=ORIENTED_EDGE('',*,*,#467,.T.);
#196=ORIENTED_EDGE('',*,*,#468,.T.);
#197=ORIENTED_EDGE('',*,*,#469,.T.);
#198=ORIENTED_EDGE('',*,*,#470,.T.);
#199=ORIENTED_EDGE('',*,*,#471,.T.);
#200=ORIENTED_EDGE('',*,*,#472,.T.);
#201=ORIENTED_EDGE('',*,*,#473,.T.);
#202=ORIENTED_EDGE('',*,*,#474,.T.);
#203=ORIENTED_EDGE('',*,*,#475,.T.);
#204=ORIENTED_EDGE('',*,*,#476,.T.);
#205=ORIENTED_EDGE('',*,*,#477,.T.);
#206=ORIENTED_EDGE('',*,*,#478,.T.);
#207=ORIENTED_EDGE('',*,*,#479,.T.);
#208=ORIENTED_EDGE('',*,*,#480,.T.);
#209=ORIENTED_EDGE('',*,*,#481,.T.);
#210=ORIENTED_EDGE('',*,*,#482,.T.);
#211=ORIENTED_EDGE('',*,*,#483,.T.);
#212=ORIENTED_EDGE('',*,*,#484,.T.);
#213=ORIENTED_EDGE('',*,*,#485,.T.);
#214=ORIENTED_EDGE('',*,*,#486,.T.);
#215=ORIENTED_EDGE('',*,*,#487,.T.);
#216=ORIENTED_EDGE('',*,*,#488,.T.);
#217=ORIENTED_EDGE('',*,*,#489,.T.);
#218=ORIENTED_EDGE('',*,*,#490,.T.);
#219=ORIENTED_EDGE('',*,*,#491,.T.);
#220=ORIENTED_EDGE('',*,*,#492,.T.);
#221=ORIENTED_EDGE('',*,*,#493,.T.);
#222=ORIENTED_EDGE('',*,*,#494,.T.);
#223=ORIENTED_EDGE('',*,*,#495,.T.);
#224=ORIENTED_EDGE('',*,*,#496,.T.);
#225=ORIENTED_EDGE('',*,*,#497,.T.);
#226=ORIENTED_EDGE('',*,*,#498,.T.);
#227=ORIENTED_EDGE('',*,*,#499,.T.);
#228=ORIENTED_EDGE('',*,*,#500,.T.);
#229=ORIENTED_EDGE('',*,*,#501,.T.);
#230=ORIENTED_EDGE('',*,*,#502,.T.);
#231=ORIENTED_EDGE('',*,*,#503,.T.);
#232=ORIENTED_EDGE('',*,*,#504,.T.);
#233=ORIENTED_EDGE('',*,*,#505,.T.);
#234=ORIENTED_EDGE('',*,*,#506,.T.);
#235=ORIENTED_EDGE('',*,*,#507,.T.);
#236=ORIENTED_EDGE('',*,*,#508,.T.);
#237=ORIENTED_EDGE('',*,*,#509,.T.);
#238=ORIENTED_EDGE('',*,*,#510,.T.);
#239=ORIENTED_EDGE('',*,*,#511,.T.);
#240=ORIENTED_EDGE('',*,*,#512,.T.);
#241=ORIENTED_EDGE('',*,*,#513,.T.);
#242=ORIENTED_EDGE('',*,*,#514,.T.);
#243=ORIENTED_EDGE('',*,*,#515,.T.);
#244=ORIENTED_EDGE('',*,*,#516,.T.);
#245=ORIENTED_EDGE('',*,*,#517,.T.);
#246=ORIENTED_EDGE('',*,*,#518,.T.);
#247=ORIENTED_EDGE('',*,*,#519,.T.);
#248=ORIENTED_EDGE('',*,*,#520,.T.);
#249=ORIENTED_EDGE('',*,*,#521,.T.);
#250=ORIENTED_EDGE('',*,*,#522,.F.);
#251=ORIENTED_EDGE('',*,*,#522,.T.);
#252=ORIENTED_EDGE('',*,*,#523,.T.);
#253=ORIENTED_EDGE('',*,*,#448,.T.);
#254=ORIENTED_EDGE('',*,*,#450,.T.);
#255=ORIENTED_EDGE('',*,*,#452,.T.);
#256=ORIENTED_EDGE('',*,*,#454,.T.);
#257=ORIENTED_EDGE('',*,*,#524,.T.);
#258=ORIENTED_EDGE('',*,*,#525,.T.);
#259=ORIENTED_EDGE('',*,*,#526,.T.);
#260=ORIENTED_EDGE('',*,*,#527,.T.);
#261=ORIENTED_EDGE('',*,*,#528,.F.);
#262=ORIENTED_EDGE('',*,*,#528,.T.);
#263=ORIENTED_EDGE('',*,*,#529,.T.);
#264=ORIENTED_EDGE('',*,*,#527,.F.);
#265=ORIENTED_EDGE('',*,*,#530,.T.);
#266=ORIENTED_EDGE('',*,*,#526,.F.);
#267=ORIENTED_EDGE('',*,*,#531,.T.);
#268=ORIENTED_EDGE('',*,*,#525,.F.);
#269=ORIENTED_EDGE('',*,*,#532,.T.);
#270=ORIENTED_EDGE('',*,*,#524,.F.);
#271=ORIENTED_EDGE('',*,*,#533,.T.);
#272=ORIENTED_EDGE('',*,*,#521,.F.);
#273=ORIENTED_EDGE('',*,*,#534,.T.);
#274=ORIENTED_EDGE('',*,*,#520,.F.);
#275=ORIENTED_EDGE('',*,*,#535,.T.);
#276=ORIENTED_EDGE('',*,*,#519,.F.);
#277=ORIENTED_EDGE('',*,*,#536,.T.);
#278=ORIENTED_EDGE('',*,*,#518,.F.);
#279=ORIENTED_EDGE('',*,*,#455,.F.);
#280=ORIENTED_EDGE('',*,*,#447,.F.);
#281=ORIENTED_EDGE('',*,*,#456,.F.);
#282=ORIENTED_EDGE('',*,*,#451,.F.);
#283=ORIENTED_EDGE('',*,*,#449,.F.);
#284=ORIENTED_EDGE('',*,*,#476,.F.);
#285=ORIENTED_EDGE('',*,*,#453,.F.);
#286=ORIENTED_EDGE('',*,*,#477,.F.);
#287=ORIENTED_EDGE('',*,*,#493,.F.);
#288=ORIENTED_EDGE('',*,*,#533,.F.);
#289=ORIENTED_EDGE('',*,*,#494,.F.);
#290=ORIENTED_EDGE('',*,*,#535,.F.);
#291=ORIENTED_EDGE('',*,*,#534,.F.);
#292=ORIENTED_EDGE('',*,*,#505,.F.);
#293=ORIENTED_EDGE('',*,*,#536,.F.);
#294=ORIENTED_EDGE('',*,*,#506,.F.);
#295=ORIENTED_EDGE('',*,*,#495,.F.);
#296=ORIENTED_EDGE('',*,*,#529,.F.);
#297=ORIENTED_EDGE('',*,*,#496,.F.);
#298=ORIENTED_EDGE('',*,*,#531,.F.);
#299=ORIENTED_EDGE('',*,*,#530,.F.);
#300=ORIENTED_EDGE('',*,*,#507,.F.);
#301=ORIENTED_EDGE('',*,*,#532,.F.);
#302=ORIENTED_EDGE('',*,*,#508,.F.);
#303=ORIENTED_EDGE('',*,*,#463,.F.);
#304=ORIENTED_EDGE('',*,*,#523,.F.);
#305=ORIENTED_EDGE('',*,*,#482,.F.);
#306=ORIENTED_EDGE('',*,*,#517,.F.);
#307=ORIENTED_EDGE('',*,*,#515,.F.);
#308=ORIENTED_EDGE('',*,*,#537,.T.);
#309=ORIENTED_EDGE('',*,*,#478,.F.);
#310=ORIENTED_EDGE('',*,*,#538,.T.);
#311=ORIENTED_EDGE('',*,*,#466,.F.);
#312=ORIENTED_EDGE('',*,*,#539,.T.);
#313=ORIENTED_EDGE('',*,*,#509,.F.);
#314=ORIENTED_EDGE('',*,*,#540,.T.);
#315=ORIENTED_EDGE('',*,*,#480,.F.);
#316=ORIENTED_EDGE('',*,*,#541,.T.);
#317=ORIENTED_EDGE('',*,*,#501,.F.);
#318=ORIENTED_EDGE('',*,*,#542,.T.);
#319=ORIENTED_EDGE('',*,*,#499,.F.);
#320=ORIENTED_EDGE('',*,*,#543,.T.);
#321=ORIENTED_EDGE('',*,*,#464,.F.);
#322=ORIENTED_EDGE('',*,*,#544,.T.);
#323=ORIENTED_EDGE('',*,*,#545,.F.);
#324=ORIENTED_EDGE('',*,*,#473,.F.);
#325=ORIENTED_EDGE('',*,*,#546,.F.);
#326=ORIENTED_EDGE('',*,*,#516,.F.);
#327=ORIENTED_EDGE('',*,*,#546,.T.);
#328=ORIENTED_EDGE('',*,*,#472,.F.);
#329=ORIENTED_EDGE('',*,*,#547,.F.);
#330=ORIENTED_EDGE('',*,*,#540,.F.);
#331=ORIENTED_EDGE('',*,*,#545,.T.);
#332=ORIENTED_EDGE('',*,*,#538,.F.);
#333=ORIENTED_EDGE('',*,*,#548,.F.);
#334=ORIENTED_EDGE('',*,*,#474,.F.);
#335=ORIENTED_EDGE('',*,*,#547,.T.);
#336=ORIENTED_EDGE('',*,*,#471,.F.);
#337=ORIENTED_EDGE('',*,*,#549,.F.);
#338=ORIENTED_EDGE('',*,*,#467,.F.);
#339=ORIENTED_EDGE('',*,*,#548,.T.);
#340=ORIENTED_EDGE('',*,*,#481,.F.);
#341=ORIENTED_EDGE('',*,*,#550,.F.);
#342=ORIENTED_EDGE('',*,*,#475,.F.);
#343=ORIENTED_EDGE('',*,*,#549,.T.);
#344=ORIENTED_EDGE('',*,*,#470,.F.);
#345=ORIENTED_EDGE('',*,*,#551,.F.);
#346=ORIENTED_EDGE('',*,*,#544,.F.);
#347=ORIENTED_EDGE('',*,*,#550,.T.);
#348=ORIENTED_EDGE('',*,*,#542,.F.);
#349=ORIENTED_EDGE('',*,*,#552,.F.);
#350=ORIENTED_EDGE('',*,*,#468,.F.);
#351=ORIENTED_EDGE('',*,*,#551,.T.);
#352=ORIENTED_EDGE('',*,*,#469,.F.);
#353=ORIENTED_EDGE('',*,*,#552,.T.);
#354=ORIENTED_EDGE('',*,*,#500,.F.);
#355=ORIENTED_EDGE('',*,*,#485,.F.);
#356=ORIENTED_EDGE('',*,*,#553,.T.);
#357=ORIENTED_EDGE('',*,*,#492,.F.);
#358=ORIENTED_EDGE('',*,*,#554,.T.);
#359=ORIENTED_EDGE('',*,*,#555,.T.);
#360=ORIENTED_EDGE('',*,*,#556,.T.);
#361=ORIENTED_EDGE('',*,*,#557,.T.);
#362=ORIENTED_EDGE('',*,*,#558,.T.);
#363=ORIENTED_EDGE('',*,*,#559,.F.);
#364=ORIENTED_EDGE('',*,*,#502,.F.);
#365=ORIENTED_EDGE('',*,*,#560,.F.);
#366=ORIENTED_EDGE('',*,*,#486,.F.);
#367=ORIENTED_EDGE('',*,*,#560,.T.);
#368=ORIENTED_EDGE('',*,*,#541,.F.);
#369=ORIENTED_EDGE('',*,*,#561,.F.);
#370=ORIENTED_EDGE('',*,*,#487,.F.);
#371=ORIENTED_EDGE('',*,*,#559,.T.);
#372=ORIENTED_EDGE('',*,*,#554,.F.);
#373=ORIENTED_EDGE('',*,*,#562,.F.);
#374=ORIENTED_EDGE('',*,*,#503,.F.);
#375=ORIENTED_EDGE('',*,*,#561,.T.);
#376=ORIENTED_EDGE('',*,*,#479,.F.);
#377=ORIENTED_EDGE('',*,*,#563,.F.);
#378=ORIENTED_EDGE('',*,*,#488,.F.);
#379=ORIENTED_EDGE('',*,*,#491,.F.);
#380=ORIENTED_EDGE('',*,*,#564,.T.);
#381=ORIENTED_EDGE('',*,*,#504,.F.);
#382=ORIENTED_EDGE('',*,*,#562,.T.);
#383=ORIENTED_EDGE('',*,*,#563,.T.);
#384=ORIENTED_EDGE('',*,*,#537,.F.);
#385=ORIENTED_EDGE('',*,*,#565,.F.);
#386=ORIENTED_EDGE('',*,*,#483,.F.);
#387=ORIENTED_EDGE('',*,*,#557,.F.);
#388=ORIENTED_EDGE('',*,*,#566,.T.);
#389=ORIENTED_EDGE('',*,*,#497,.F.);
#390=ORIENTED_EDGE('',*,*,#567,.T.);
#391=ORIENTED_EDGE('',*,*,#565,.T.);
#392=ORIENTED_EDGE('',*,*,#514,.F.);
#393=ORIENTED_EDGE('',*,*,#568,.F.);
#394=ORIENTED_EDGE('',*,*,#484,.F.);
#395=ORIENTED_EDGE('',*,*,#498,.F.);
#396=ORIENTED_EDGE('',*,*,#569,.T.);
#397=ORIENTED_EDGE('',*,*,#457,.F.);
#398=ORIENTED_EDGE('',*,*,#570,.F.);
#399=ORIENTED_EDGE('',*,*,#568,.T.);
#400=ORIENTED_EDGE('',*,*,#513,.F.);
#401=ORIENTED_EDGE('',*,*,#571,.F.);
#402=ORIENTED_EDGE('',*,*,#553,.F.);
#403=ORIENTED_EDGE('',*,*,#570,.T.);
#404=ORIENTED_EDGE('',*,*,#462,.F.);
#405=ORIENTED_EDGE('',*,*,#572,.F.);
#406=ORIENTED_EDGE('',*,*,#543,.F.);
#407=ORIENTED_EDGE('',*,*,#512,.F.);
#408=ORIENTED_EDGE('',*,*,#573,.T.);
#409=ORIENTED_EDGE('',*,*,#489,.F.);
#410=ORIENTED_EDGE('',*,*,#571,.T.);
#411=ORIENTED_EDGE('',*,*,#572,.T.);
#412=ORIENTED_EDGE('',*,*,#461,.F.);
#413=ORIENTED_EDGE('',*,*,#574,.F.);
#414=ORIENTED_EDGE('',*,*,#465,.F.);
#415=ORIENTED_EDGE('',*,*,#511,.F.);
#416=ORIENTED_EDGE('',*,*,#575,.T.);
#417=ORIENTED_EDGE('',*,*,#555,.F.);
#418=ORIENTED_EDGE('',*,*,#576,.T.);
#419=ORIENTED_EDGE('',*,*,#574,.T.);
#420=ORIENTED_EDGE('',*,*,#460,.F.);
#421=ORIENTED_EDGE('',*,*,#577,.F.);
#422=ORIENTED_EDGE('',*,*,#539,.F.);
#423=ORIENTED_EDGE('',*,*,#459,.F.);
#424=ORIENTED_EDGE('',*,*,#578,.T.);
#425=ORIENTED_EDGE('',*,*,#510,.F.);
#426=ORIENTED_EDGE('',*,*,#577,.T.);
#427=ORIENTED_EDGE('',*,*,#575,.F.);
#428=ORIENTED_EDGE('',*,*,#578,.F.);
#429=ORIENTED_EDGE('',*,*,#579,.F.);
#430=ORIENTED_EDGE('',*,*,#579,.T.);
#431=ORIENTED_EDGE('',*,*,#458,.F.);
#432=ORIENTED_EDGE('',*,*,#580,.F.);
#433=ORIENTED_EDGE('',*,*,#556,.F.);
#434=ORIENTED_EDGE('',*,*,#569,.F.);
#435=ORIENTED_EDGE('',*,*,#566,.F.);
#436=ORIENTED_EDGE('',*,*,#580,.T.);
#437=ORIENTED_EDGE('',*,*,#567,.F.);
#438=ORIENTED_EDGE('',*,*,#564,.F.);
#439=ORIENTED_EDGE('',*,*,#581,.F.);
#440=ORIENTED_EDGE('',*,*,#581,.T.);
#441=ORIENTED_EDGE('',*,*,#490,.F.);
#442=ORIENTED_EDGE('',*,*,#582,.F.);
#443=ORIENTED_EDGE('',*,*,#558,.F.);
#444=ORIENTED_EDGE('',*,*,#582,.T.);
#445=ORIENTED_EDGE('',*,*,#573,.F.);
#446=ORIENTED_EDGE('',*,*,#576,.F.);
#447=EDGE_CURVE('',#583,#583,#677,.F.);
#448=EDGE_CURVE('',#584,#584,#163,.T.);
#449=EDGE_CURVE('',#585,#585,#678,.F.);
#450=EDGE_CURVE('',#586,#586,#164,.T.);
#451=EDGE_CURVE('',#587,#587,#679,.F.);
#452=EDGE_CURVE('',#588,#588,#165,.T.);
#453=EDGE_CURVE('',#589,#589,#680,.F.);
#454=EDGE_CURVE('',#590,#590,#166,.T.);
#455=EDGE_CURVE('',#591,#591,#681,.T.);
#456=EDGE_CURVE('',#592,#592,#682,.T.);
#457=EDGE_CURVE('',#593,#594,#48,.F.);
#458=EDGE_CURVE('',#594,#595,#49,.F.);
#459=EDGE_CURVE('',#595,#596,#50,.T.);
#460=EDGE_CURVE('',#596,#597,#683,.F.);
#461=EDGE_CURVE('',#597,#598,#51,.F.);
#462=EDGE_CURVE('',#598,#593,#684,.F.);
#463=EDGE_CURVE('',#599,#599,#685,.T.);
#464=EDGE_CURVE('',#600,#601,#52,.F.);
#465=EDGE_CURVE('',#601,#602,#53,.T.);
#466=EDGE_CURVE('',#602,#603,#54,.T.);
#467=EDGE_CURVE('',#603,#600,#55,.T.);
#468=EDGE_CURVE('',#604,#605,#686,.F.);
#469=EDGE_CURVE('',#605,#606,#56,.T.);
#470=EDGE_CURVE('',#606,#607,#687,.F.);
#471=EDGE_CURVE('',#607,#608,#57,.T.);
#472=EDGE_CURVE('',#608,#609,#688,.F.);
#473=EDGE_CURVE('',#609,#610,#58,.T.);
#474=EDGE_CURVE('',#610,#611,#689,.F.);
#475=EDGE_CURVE('',#611,#604,#59,.T.);
#476=EDGE_CURVE('',#612,#612,#690,.T.);
#477=EDGE_CURVE('',#613,#613,#691,.T.);
#478=EDGE_CURVE('',#614,#615,#60,.T.);
#479=EDGE_CURVE('',#615,#616,#61,.F.);
#480=EDGE_CURVE('',#616,#617,#62,.F.);
#481=EDGE_CURVE('',#617,#614,#63,.T.);
#482=EDGE_CURVE('',#618,#618,#692,.T.);
#483=EDGE_CURVE('',#619,#620,#693,.F.);
#484=EDGE_CURVE('',#620,#621,#64,.T.);
#485=EDGE_CURVE('',#621,#622,#65,.F.);
#486=EDGE_CURVE('',#622,#623,#66,.F.);
#487=EDGE_CURVE('',#623,#624,#694,.F.);
#488=EDGE_CURVE('',#624,#619,#67,.T.);
#489=EDGE_CURVE('',#625,#626,#68,.T.);
#490=EDGE_CURVE('',#626,#627,#69,.F.);
#491=EDGE_CURVE('',#627,#628,#70,.F.);
#492=EDGE_CURVE('',#628,#625,#71,.T.);
#493=EDGE_CURVE('',#629,#629,#695,.F.);
#494=EDGE_CURVE('',#630,#630,#696,.F.);
#495=EDGE_CURVE('',#631,#631,#697,.F.);
#496=EDGE_CURVE('',#632,#632,#698,.F.);
#497=EDGE_CURVE('',#633,#634,#72,.F.);
#498=EDGE_CURVE('',#634,#635,#73,.T.);
#499=EDGE_CURVE('',#635,#636,#74,.T.);
#500=EDGE_CURVE('',#636,#637,#75,.T.);
#501=EDGE_CURVE('',#637,#638,#76,.T.);
#502=EDGE_CURVE('',#638,#639,#77,.T.);
#503=EDGE_CURVE('',#639,#640,#699,.T.);
#504=EDGE_CURVE('',#640,#633,#78,.T.);
#505=EDGE_CURVE('',#641,#641,#700,.T.);
#506=EDGE_CURVE('',#642,#642,#701,.T.);
#507=EDGE_CURVE('',#643,#643,#702,.T.);
#508=EDGE_CURVE('',#644,#644,#703,.T.);
#509=EDGE_CURVE('',#645,#646,#79,.F.);
#510=EDGE_CURVE('',#646,#647,#80,.F.);
#511=EDGE_CURVE('',#647,#648,#81,.F.);
#512=EDGE_CURVE('',#648,#649,#82,.F.);
#513=EDGE_CURVE('',#649,#650,#704,.F.);
#514=EDGE_CURVE('',#650,#651,#83,.F.);
#515=EDGE_CURVE('',#651,#652,#84,.F.);
#516=EDGE_CURVE('',#652,#645,#85,.T.);
#517=EDGE_CURVE('',#653,#653,#705,.F.);
#518=EDGE_CURVE('',#654,#654,#167,.T.);
#519=EDGE_CURVE('',#655,#655,#168,.T.);
#520=EDGE_CURVE('',#656,#656,#169,.T.);
#521=EDGE_CURVE('',#657,#657,#170,.T.);
#522=EDGE_CURVE('',#658,#658,#706,.T.);
#523=EDGE_CURVE('',#659,#659,#707,.F.);
#524=EDGE_CURVE('',#660,#660,#171,.T.);
#525=EDGE_CURVE('',#661,#661,#172,.T.);
#526=EDGE_CURVE('',#662,#662,#173,.T.);
#527=EDGE_CURVE('',#663,#663,#174,.T.);
#528=EDGE_CURVE('',#664,#664,#708,.T.);
#529=EDGE_CURVE('',#665,#665,#709,.T.);
#530=EDGE_CURVE('',#666,#666,#710,.F.);
#531=EDGE_CURVE('',#667,#667,#711,.T.);
#532=EDGE_CURVE('',#668,#668,#712,.F.);
#533=EDGE_CURVE('',#669,#669,#713,.T.);
#534=EDGE_CURVE('',#670,#670,#714,.F.);
#535=EDGE_CURVE('',#671,#671,#715,.T.);
#536=EDGE_CURVE('',#672,#672,#716,.F.);
#537=EDGE_CURVE('',#651,#615,#717,.T.);
#538=EDGE_CURVE('',#614,#652,#718,.T.);
#539=EDGE_CURVE('',#602,#646,#719,.T.);
#540=EDGE_CURVE('',#645,#603,#720,.T.);
#541=EDGE_CURVE('',#616,#638,#721,.T.);
#542=EDGE_CURVE('',#637,#617,#722,.T.);
#543=EDGE_CURVE('',#635,#601,#723,.T.);
#544=EDGE_CURVE('',#600,#636,#724,.T.);
#545=EDGE_CURVE('',#610,#652,#86,.T.);
#546=EDGE_CURVE('',#645,#609,#87,.T.);
#547=EDGE_CURVE('',#603,#608,#88,.T.);
#548=EDGE_CURVE('',#611,#614,#89,.T.);
#549=EDGE_CURVE('',#600,#607,#90,.T.);
#550=EDGE_CURVE('',#604,#617,#91,.T.);
#551=EDGE_CURVE('',#636,#606,#92,.T.);
#552=EDGE_CURVE('',#605,#637,#93,.T.);
#553=EDGE_CURVE('',#621,#625,#725,.T.);
#554=EDGE_CURVE('',#628,#622,#726,.F.);
#555=EDGE_CURVE('',#673,#674,#94,.F.);
#556=EDGE_CURVE('',#674,#675,#95,.F.);
#557=EDGE_CURVE('',#675,#676,#96,.F.);
#558=EDGE_CURVE('',#676,#673,#97,.F.);
#559=EDGE_CURVE('',#639,#622,#727,.T.);
#560=EDGE_CURVE('',#623,#638,#728,.T.);
#561=EDGE_CURVE('',#624,#616,#729,.T.);
#562=EDGE_CURVE('',#640,#628,#730,.T.);
#563=EDGE_CURVE('',#619,#615,#731,.T.);
#564=EDGE_CURVE('',#627,#633,#16,.T.);
#565=EDGE_CURVE('',#620,#651,#732,.T.);
#566=EDGE_CURVE('',#675,#634,#17,.F.);
#567=EDGE_CURVE('',#633,#676,#18,.F.);
#568=EDGE_CURVE('',#621,#650,#733,.T.);
#569=EDGE_CURVE('',#634,#594,#19,.T.);
#570=EDGE_CURVE('',#635,#593,#734,.T.);
#571=EDGE_CURVE('',#625,#649,#735,.T.);
#572=EDGE_CURVE('',#601,#598,#736,.T.);
#573=EDGE_CURVE('',#648,#626,#20,.T.);
#574=EDGE_CURVE('',#602,#597,#737,.T.);
#575=EDGE_CURVE('',#647,#674,#21,.T.);
#576=EDGE_CURVE('',#673,#648,#22,.F.);
#577=EDGE_CURVE('',#646,#596,#738,.T.);
#578=EDGE_CURVE('',#595,#647,#23,.F.);
#579=EDGE_CURVE('',#674,#595,#739,.T.);
#580=EDGE_CURVE('',#675,#594,#740,.T.);
#581=EDGE_CURVE('',#676,#627,#741,.T.);
#582=EDGE_CURVE('',#673,#626,#742,.T.);
#583=VERTEX_POINT('',#1604);
#584=VERTEX_POINT('',#1616);
#585=VERTEX_POINT('',#1619);
#586=VERTEX_POINT('',#1631);
#587=VERTEX_POINT('',#1634);
#588=VERTEX_POINT('',#1646);
#589=VERTEX_POINT('',#1649);
#590=VERTEX_POINT('',#1661);
#591=VERTEX_POINT('',#1664);
#592=VERTEX_POINT('',#1666);
#593=VERTEX_POINT('',#1668);
#594=VERTEX_POINT('',#1669);
#595=VERTEX_POINT('',#1671);
#596=VERTEX_POINT('',#1673);
#597=VERTEX_POINT('',#1675);
#598=VERTEX_POINT('',#1677);
#599=VERTEX_POINT('',#1681);
#600=VERTEX_POINT('',#1683);
#601=VERTEX_POINT('',#1684);
#602=VERTEX_POINT('',#1686);
#603=VERTEX_POINT('',#1688);
#604=VERTEX_POINT('',#1692);
#605=VERTEX_POINT('',#1693);
#606=VERTEX_POINT('',#1695);
#607=VERTEX_POINT('',#1697);
#608=VERTEX_POINT('',#1699);
#609=VERTEX_POINT('',#1701);
#610=VERTEX_POINT('',#1703);
#611=VERTEX_POINT('',#1705);
#612=VERTEX_POINT('',#1708);
#613=VERTEX_POINT('',#1710);
#614=VERTEX_POINT('',#1713);
#615=VERTEX_POINT('',#1714);
#616=VERTEX_POINT('',#1716);
#617=VERTEX_POINT('',#1718);
#618=VERTEX_POINT('',#1722);
#619=VERTEX_POINT('',#1724);
#620=VERTEX_POINT('',#1725);
#621=VERTEX_POINT('',#1727);
#622=VERTEX_POINT('',#1729);
#623=VERTEX_POINT('',#1731);
#624=VERTEX_POINT('',#1733);
#625=VERTEX_POINT('',#1737);
#626=VERTEX_POINT('',#1738);
#627=VERTEX_POINT('',#1740);
#628=VERTEX_POINT('',#1742);
#629=VERTEX_POINT('',#1746);
#630=VERTEX_POINT('',#1748);
#631=VERTEX_POINT('',#1750);
#632=VERTEX_POINT('',#1752);
#633=VERTEX_POINT('',#1754);
#634=VERTEX_POINT('',#1755);
#635=VERTEX_POINT('',#1757);
#636=VERTEX_POINT('',#1759);
#637=VERTEX_POINT('',#1761);
#638=VERTEX_POINT('',#1763);
#639=VERTEX_POINT('',#1765);
#640=VERTEX_POINT('',#1767);
#641=VERTEX_POINT('',#1771);
#642=VERTEX_POINT('',#1773);
#643=VERTEX_POINT('',#1775);
#644=VERTEX_POINT('',#1777);
#645=VERTEX_POINT('',#1779);
#646=VERTEX_POINT('',#1780);
#647=VERTEX_POINT('',#1782);
#648=VERTEX_POINT('',#1784);
#649=VERTEX_POINT('',#1786);
#650=VERTEX_POINT('',#1788);
#651=VERTEX_POINT('',#1790);
#652=VERTEX_POINT('',#1792);
#653=VERTEX_POINT('',#1796);
#654=VERTEX_POINT('',#1808);
#655=VERTEX_POINT('',#1820);
#656=VERTEX_POINT('',#1832);
#657=VERTEX_POINT('',#1844);
#658=VERTEX_POINT('',#1846);
#659=VERTEX_POINT('',#1850);
#660=VERTEX_POINT('',#1862);
#661=VERTEX_POINT('',#1874);
#662=VERTEX_POINT('',#1886);
#663=VERTEX_POINT('',#1898);
#664=VERTEX_POINT('',#1900);
#665=VERTEX_POINT('',#1904);
#666=VERTEX_POINT('',#1907);
#667=VERTEX_POINT('',#1910);
#668=VERTEX_POINT('',#1913);
#669=VERTEX_POINT('',#1916);
#670=VERTEX_POINT('',#1919);
#671=VERTEX_POINT('',#1922);
#672=VERTEX_POINT('',#1925);
#673=VERTEX_POINT('',#1973);
#674=VERTEX_POINT('',#1974);
#675=VERTEX_POINT('',#1976);
#676=VERTEX_POINT('',#1978);
#677=CIRCLE('',#1118,0.00125);
#678=CIRCLE('',#1120,0.00125);
#679=CIRCLE('',#1122,0.00125);
#680=CIRCLE('',#1124,0.00125);
#681=CIRCLE('',#1126,0.00175);
#682=CIRCLE('',#1127,0.00175);
#683=CIRCLE('',#1128,0.001);
#684=CIRCLE('',#1129,0.001);
#685=CIRCLE('',#1131,0.0086);
#686=CIRCLE('',#1133,0.0015);
#687=CIRCLE('',#1134,0.0015);
#688=CIRCLE('',#1135,0.0015);
#689=CIRCLE('',#1136,0.0015);
#690=CIRCLE('',#1137,0.00175);
#691=CIRCLE('',#1138,0.00175);
#692=CIRCLE('',#1141,0.0086);
#693=CIRCLE('',#1142,0.001);
#694=CIRCLE('',#1143,0.001);
#695=CIRCLE('',#1146,0.00175);
#696=CIRCLE('',#1147,0.00175);
#697=CIRCLE('',#1148,0.00175);
#698=CIRCLE('',#1149,0.00175);
#699=CIRCLE('',#1150,0.001);
#700=CIRCLE('',#1152,0.00175);
#701=CIRCLE('',#1153,0.00175);
#702=CIRCLE('',#1154,0.00175);
#703=CIRCLE('',#1155,0.00175);
#704=CIRCLE('',#1156,0.001);
#705=CIRCLE('',#1158,0.0066);
#706=CIRCLE('',#1159,0.0066);
#707=CIRCLE('',#1162,0.0066);
#708=CIRCLE('',#1163,0.0066);
#709=CIRCLE('',#1166,0.00125);
#710=CIRCLE('',#1168,0.00125);
#711=CIRCLE('',#1170,0.00125);
#712=CIRCLE('',#1172,0.00125);
#713=CIRCLE('',#1174,0.00125);
#714=CIRCLE('',#1176,0.00125);
#715=CIRCLE('',#1178,0.00125);
#716=CIRCLE('',#1180,0.00125);
#717=CIRCLE('',#1196,0.002);
#718=CIRCLE('',#1197,0.002);
#719=CIRCLE('',#1199,0.002);
#720=CIRCLE('',#1200,0.002);
#721=CIRCLE('',#1202,0.002);
#722=CIRCLE('',#1203,0.002);
#723=CIRCLE('',#1205,0.002);
#724=CIRCLE('',#1206,0.002);
#725=CIRCLE('',#1216,0.002);
#726=CIRCLE('',#1217,0.002);
#727=CIRCLE('',#1220,0.001);
#728=CIRCLE('',#1221,0.001);
#729=CIRCLE('',#1223,0.001);
#730=CIRCLE('',#1225,0.001);
#731=CIRCLE('',#1227,0.001);
#732=CIRCLE('',#1231,0.001);
#733=CIRCLE('',#1236,0.001);
#734=CIRCLE('',#1239,0.001);
#735=CIRCLE('',#1241,0.001);
#736=CIRCLE('',#1243,0.001);
#737=CIRCLE('',#1247,0.001);
#738=CIRCLE('',#1252,0.001);
#739=CIRCLE('',#1255,0.002);
#740=CIRCLE('',#1257,0.002);
#741=CIRCLE('',#1258,0.002);
#742=CIRCLE('',#1260,0.002);
#743=EDGE_LOOP('',(#175));
#744=EDGE_LOOP('',(#176));
#745=EDGE_LOOP('',(#177));
#746=EDGE_LOOP('',(#178));
#747=EDGE_LOOP('',(#179));
#748=EDGE_LOOP('',(#180));
#749=EDGE_LOOP('',(#181));
#750=EDGE_LOOP('',(#182));
#751=EDGE_LOOP('',(#183));
#752=EDGE_LOOP('',(#184));
#753=EDGE_LOOP('',(#185,#186,#187,#188,#189,#190));
#754=EDGE_LOOP('',(#191));
#755=EDGE_LOOP('',(#192,#193,#194,#195));
#756=EDGE_LOOP('',(#196,#197,#198,#199,#200,#201,#202,#203));
#757=EDGE_LOOP('',(#204));
#758=EDGE_LOOP('',(#205));
#759=EDGE_LOOP('',(#206,#207,#208,#209));
#760=EDGE_LOOP('',(#210));
#761=EDGE_LOOP('',(#211,#212,#213,#214,#215,#216));
#762=EDGE_LOOP('',(#217,#218,#219,#220));
#763=EDGE_LOOP('',(#221));
#764=EDGE_LOOP('',(#222));
#765=EDGE_LOOP('',(#223));
#766=EDGE_LOOP('',(#224));
#767=EDGE_LOOP('',(#225,#226,#227,#228,#229,#230,#231,#232));
#768=EDGE_LOOP('',(#233));
#769=EDGE_LOOP('',(#234));
#770=EDGE_LOOP('',(#235));
#771=EDGE_LOOP('',(#236));
#772=EDGE_LOOP('',(#237,#238,#239,#240,#241,#242,#243,#244));
#773=EDGE_LOOP('',(#245));
#774=EDGE_LOOP('',(#246));
#775=EDGE_LOOP('',(#247));
#776=EDGE_LOOP('',(#248));
#777=EDGE_LOOP('',(#249));
#778=EDGE_LOOP('',(#250));
#779=EDGE_LOOP('',(#251));
#780=EDGE_LOOP('',(#252));
#781=EDGE_LOOP('',(#253));
#782=EDGE_LOOP('',(#254));
#783=EDGE_LOOP('',(#255));
#784=EDGE_LOOP('',(#256));
#785=EDGE_LOOP('',(#257));
#786=EDGE_LOOP('',(#258));
#787=EDGE_LOOP('',(#259));
#788=EDGE_LOOP('',(#260));
#789=EDGE_LOOP('',(#261));
#790=EDGE_LOOP('',(#262));
#791=EDGE_LOOP('',(#263));
#792=EDGE_LOOP('',(#264));
#793=EDGE_LOOP('',(#265));
#794=EDGE_LOOP('',(#266));
#795=EDGE_LOOP('',(#267));
#796=EDGE_LOOP('',(#268));
#797=EDGE_LOOP('',(#269));
#798=EDGE_LOOP('',(#270));
#799=EDGE_LOOP('',(#271));
#800=EDGE_LOOP('',(#272));
#801=EDGE_LOOP('',(#273));
#802=EDGE_LOOP('',(#274));
#803=EDGE_LOOP('',(#275));
#804=EDGE_LOOP('',(#276));
#805=EDGE_LOOP('',(#277));
#806=EDGE_LOOP('',(#278));
#807=EDGE_LOOP('',(#279));
#808=EDGE_LOOP('',(#280));
#809=EDGE_LOOP('',(#281));
#810=EDGE_LOOP('',(#282));
#811=EDGE_LOOP('',(#283));
#812=EDGE_LOOP('',(#284));
#813=EDGE_LOOP('',(#285));
#814=EDGE_LOOP('',(#286));
#815=EDGE_LOOP('',(#287));
#816=EDGE_LOOP('',(#288));
#817=EDGE_LOOP('',(#289));
#818=EDGE_LOOP('',(#290));
#819=EDGE_LOOP('',(#291));
#820=EDGE_LOOP('',(#292));
#821=EDGE_LOOP('',(#293));
#822=EDGE_LOOP('',(#294));
#823=EDGE_LOOP('',(#295));
#824=EDGE_LOOP('',(#296));
#825=EDGE_LOOP('',(#297));
#826=EDGE_LOOP('',(#298));
#827=EDGE_LOOP('',(#299));
#828=EDGE_LOOP('',(#300));
#829=EDGE_LOOP('',(#301));
#830=EDGE_LOOP('',(#302));
#831=EDGE_LOOP('',(#303));
#832=EDGE_LOOP('',(#304));
#833=EDGE_LOOP('',(#305));
#834=EDGE_LOOP('',(#306));
#835=EDGE_LOOP('',(#307,#308,#309,#310));
#836=EDGE_LOOP('',(#311,#312,#313,#314));
#837=EDGE_LOOP('',(#315,#316,#317,#318));
#838=EDGE_LOOP('',(#319,#320,#321,#322));
#839=EDGE_LOOP('',(#323,#324,#325,#326));
#840=EDGE_LOOP('',(#327,#328,#329,#330));
#841=EDGE_LOOP('',(#331,#332,#333,#334));
#842=EDGE_LOOP('',(#335,#336,#337,#338));
#843=EDGE_LOOP('',(#339,#340,#341,#342));
#844=EDGE_LOOP('',(#343,#344,#345,#346));
#845=EDGE_LOOP('',(#347,#348,#349,#350));
#846=EDGE_LOOP('',(#351,#352,#353,#354));
#847=EDGE_LOOP('',(#355,#356,#357,#358));
#848=EDGE_LOOP('',(#359,#360,#361,#362));
#849=EDGE_LOOP('',(#363,#364,#365,#366));
#850=EDGE_LOOP('',(#367,#368,#369,#370));
#851=EDGE_LOOP('',(#371,#372,#373,#374));
#852=EDGE_LOOP('',(#375,#376,#377,#378));
#853=EDGE_LOOP('',(#379,#380,#381,#382));
#854=EDGE_LOOP('',(#383,#384,#385,#386));
#855=EDGE_LOOP('',(#387,#388,#389,#390));
#856=EDGE_LOOP('',(#391,#392,#393,#394));
#857=EDGE_LOOP('',(#395,#396,#397,#398));
#858=EDGE_LOOP('',(#399,#400,#401,#402));
#859=EDGE_LOOP('',(#403,#404,#405,#406));
#860=EDGE_LOOP('',(#407,#408,#409,#410));
#861=EDGE_LOOP('',(#411,#412,#413,#414));
#862=EDGE_LOOP('',(#415,#416,#417,#418));
#863=EDGE_LOOP('',(#419,#420,#421,#422));
#864=EDGE_LOOP('',(#423,#424,#425,#426));
#865=EDGE_LOOP('',(#427,#428,#429));
#866=EDGE_LOOP('',(#430,#431,#432,#433));
#867=EDGE_LOOP('',(#434,#435,#436));
#868=EDGE_LOOP('',(#437,#438,#439));
#869=EDGE_LOOP('',(#440,#441,#442,#443));
#870=EDGE_LOOP('',(#444,#445,#446));
#871=FACE_BOUND('',#743,.T.);
#872=FACE_BOUND('',#744,.T.);
#873=FACE_BOUND('',#745,.T.);
#874=FACE_BOUND('',#746,.T.);
#875=FACE_BOUND('',#747,.T.);
#876=FACE_BOUND('',#748,.T.);
#877=FACE_BOUND('',#749,.T.);
#878=FACE_BOUND('',#750,.T.);
#879=FACE_BOUND('',#751,.T.);
#880=FACE_BOUND('',#752,.T.);
#881=FACE_BOUND('',#753,.T.);
#882=FACE_BOUND('',#754,.T.);
#883=FACE_BOUND('',#755,.T.);
#884=FACE_BOUND('',#756,.T.);
#885=FACE_BOUND('',#757,.T.);
#886=FACE_BOUND('',#758,.T.);
#887=FACE_BOUND('',#759,.T.);
#888=FACE_BOUND('',#760,.T.);
#889=FACE_BOUND('',#761,.T.);
#890=FACE_BOUND('',#762,.T.);
#891=FACE_BOUND('',#763,.T.);
#892=FACE_BOUND('',#764,.T.);
#893=FACE_BOUND('',#765,.T.);
#894=FACE_BOUND('',#766,.T.);
#895=FACE_BOUND('',#767,.T.);
#896=FACE_BOUND('',#768,.T.);
#897=FACE_BOUND('',#769,.T.);
#898=FACE_BOUND('',#770,.T.);
#899=FACE_BOUND('',#771,.T.);
#900=FACE_BOUND('',#772,.T.);
#901=FACE_BOUND('',#773,.T.);
#902=FACE_BOUND('',#774,.T.);
#903=FACE_BOUND('',#775,.T.);
#904=FACE_BOUND('',#776,.T.);
#905=FACE_BOUND('',#777,.T.);
#906=FACE_BOUND('',#778,.T.);
#907=FACE_BOUND('',#779,.T.);
#908=FACE_BOUND('',#780,.T.);
#909=FACE_BOUND('',#781,.T.);
#910=FACE_BOUND('',#782,.T.);
#911=FACE_BOUND('',#783,.T.);
#912=FACE_BOUND('',#784,.T.);
#913=FACE_BOUND('',#785,.T.);
#914=FACE_BOUND('',#786,.T.);
#915=FACE_BOUND('',#787,.T.);
#916=FACE_BOUND('',#788,.T.);
#917=FACE_BOUND('',#789,.T.);
#918=FACE_BOUND('',#790,.T.);
#919=FACE_BOUND('',#791,.T.);
#920=FACE_BOUND('',#792,.T.);
#921=FACE_BOUND('',#793,.T.);
#922=FACE_BOUND('',#794,.T.);
#923=FACE_BOUND('',#795,.T.);
#924=FACE_BOUND('',#796,.T.);
#925=FACE_BOUND('',#797,.T.);
#926=FACE_BOUND('',#798,.T.);
#927=FACE_BOUND('',#799,.T.);
#928=FACE_BOUND('',#800,.T.);
#929=FACE_BOUND('',#801,.T.);
#930=FACE_BOUND('',#802,.T.);
#931=FACE_BOUND('',#803,.T.);
#932=FACE_BOUND('',#804,.T.);
#933=FACE_BOUND('',#805,.T.);
#934=FACE_BOUND('',#806,.T.);
#935=FACE_BOUND('',#807,.T.);
#936=FACE_BOUND('',#808,.T.);
#937=FACE_BOUND('',#809,.T.);
#938=FACE_BOUND('',#810,.T.);
#939=FACE_BOUND('',#811,.T.);
#940=FACE_BOUND('',#812,.T.);
#941=FACE_BOUND('',#813,.T.);
#942=FACE_BOUND('',#814,.T.);
#943=FACE_BOUND('',#815,.T.);
#944=FACE_BOUND('',#816,.T.);
#945=FACE_BOUND('',#817,.T.);
#946=FACE_BOUND('',#818,.T.);
#947=FACE_BOUND('',#819,.T.);
#948=FACE_BOUND('',#820,.T.);
#949=FACE_BOUND('',#821,.T.);
#950=FACE_BOUND('',#822,.T.);
#951=FACE_BOUND('',#823,.T.);
#952=FACE_BOUND('',#824,.T.);
#953=FACE_BOUND('',#825,.T.);
#954=FACE_BOUND('',#826,.T.);
#955=FACE_BOUND('',#827,.T.);
#956=FACE_BOUND('',#828,.T.);
#957=FACE_BOUND('',#829,.T.);
#958=FACE_BOUND('',#830,.T.);
#959=FACE_BOUND('',#831,.T.);
#960=FACE_BOUND('',#832,.T.);
#961=FACE_BOUND('',#833,.T.);
#962=FACE_BOUND('',#834,.T.);
#963=FACE_BOUND('',#835,.T.);
#964=FACE_BOUND('',#836,.T.);
#965=FACE_BOUND('',#837,.T.);
#966=FACE_BOUND('',#838,.T.);
#967=FACE_BOUND('',#839,.T.);
#968=FACE_BOUND('',#840,.T.);
#969=FACE_BOUND('',#841,.T.);
#970=FACE_BOUND('',#842,.T.);
#971=FACE_BOUND('',#843,.T.);
#972=FACE_BOUND('',#844,.T.);
#973=FACE_BOUND('',#845,.T.);
#974=FACE_BOUND('',#846,.T.);
#975=FACE_BOUND('',#847,.T.);
#976=FACE_BOUND('',#848,.T.);
#977=FACE_BOUND('',#849,.T.);
#978=FACE_BOUND('',#850,.T.);
#979=FACE_BOUND('',#851,.T.);
#980=FACE_BOUND('',#852,.T.);
#981=FACE_BOUND('',#853,.T.);
#982=FACE_BOUND('',#854,.T.);
#983=FACE_BOUND('',#855,.T.);
#984=FACE_BOUND('',#856,.T.);
#985=FACE_BOUND('',#857,.T.);
#986=FACE_BOUND('',#858,.T.);
#987=FACE_BOUND('',#859,.T.);
#988=FACE_BOUND('',#860,.T.);
#989=FACE_BOUND('',#861,.T.);
#990=FACE_BOUND('',#862,.T.);
#991=FACE_BOUND('',#863,.T.);
#992=FACE_BOUND('',#864,.T.);
#993=FACE_BOUND('',#865,.T.);
#994=FACE_BOUND('',#866,.T.);
#995=FACE_BOUND('',#867,.T.);
#996=FACE_BOUND('',#868,.T.);
#997=FACE_BOUND('',#869,.T.);
#998=FACE_BOUND('',#870,.T.);
#999=CYLINDRICAL_SURFACE('',#1117,0.00125);
#1000=CYLINDRICAL_SURFACE('',#1119,0.00125);
#1001=CYLINDRICAL_SURFACE('',#1121,0.00125);
#1002=CYLINDRICAL_SURFACE('',#1123,0.00125);
#1003=CYLINDRICAL_SURFACE('',#1157,0.0066);
#1004=CYLINDRICAL_SURFACE('',#1161,0.0066);
#1005=CYLINDRICAL_SURFACE('',#1165,0.00125);
#1006=CYLINDRICAL_SURFACE('',#1167,0.00125);
#1007=CYLINDRICAL_SURFACE('',#1169,0.00125);
#1008=CYLINDRICAL_SURFACE('',#1171,0.00125);
#1009=CYLINDRICAL_SURFACE('',#1173,0.00125);
#1010=CYLINDRICAL_SURFACE('',#1175,0.00125);
#1011=CYLINDRICAL_SURFACE('',#1177,0.00125);
#1012=CYLINDRICAL_SURFACE('',#1179,0.00125);
#1013=CYLINDRICAL_SURFACE('',#1195,0.002);
#1014=CYLINDRICAL_SURFACE('',#1198,0.002);
#1015=CYLINDRICAL_SURFACE('',#1201,0.002);
#1016=CYLINDRICAL_SURFACE('',#1204,0.002);
#1017=CYLINDRICAL_SURFACE('',#1215,0.002);
#1018=CYLINDRICAL_SURFACE('',#1219,0.001);
#1019=CYLINDRICAL_SURFACE('',#1226,0.001);
#1020=CYLINDRICAL_SURFACE('',#1228,0.001);
#1021=CYLINDRICAL_SURFACE('',#1232,0.001);
#1022=CYLINDRICAL_SURFACE('',#1235,0.001);
#1023=CYLINDRICAL_SURFACE('',#1237,0.001);
#1024=CYLINDRICAL_SURFACE('',#1244,0.001);
#1025=CYLINDRICAL_SURFACE('',#1246,0.001);
#1026=CYLINDRICAL_SURFACE('',#1248,0.001);
#1027=CYLINDRICAL_SURFACE('',#1253,0.001);
#1028=CYLINDRICAL_SURFACE('',#1256,0.002);
#1029=CYLINDRICAL_SURFACE('',#1259,0.002);
#1030=ADVANCED_FACE('',(#871,#872),#999,.F.);
#1031=ADVANCED_FACE('',(#873,#874),#1000,.F.);
#1032=ADVANCED_FACE('',(#875,#876),#1001,.F.);
#1033=ADVANCED_FACE('',(#877,#878),#1002,.F.);
#1034=ADVANCED_FACE('',(#879,#880,#881),#148,.F.);
#1035=ADVANCED_FACE('',(#882,#883),#149,.F.);
#1036=ADVANCED_FACE('',(#884,#885,#886),#150,.F.);
#1037=ADVANCED_FACE('',(#887),#151,.F.);
#1038=ADVANCED_FACE('',(#888,#889),#152,.F.);
#1039=ADVANCED_FACE('',(#890),#153,.F.);
#1040=ADVANCED_FACE('',(#891,#892,#893,#894,#895),#154,.T.);
#1041=ADVANCED_FACE('',(#896,#897,#898,#899,#900),#155,.F.);
#1042=ADVANCED_FACE('',(#901,#902,#903,#904,#905,#906),#1003,.F.);
#1043=ADVANCED_FACE('',(#907),#156,.T.);
#1044=ADVANCED_FACE('',(#908,#909,#910,#911,#912,#913,#914,#915,#916,#917),
#1004,.F.);
#1045=ADVANCED_FACE('',(#918),#157,.T.);
#1046=ADVANCED_FACE('',(#919,#920),#1005,.F.);
#1047=ADVANCED_FACE('',(#921,#922),#1006,.F.);
#1048=ADVANCED_FACE('',(#923,#924),#1007,.F.);
#1049=ADVANCED_FACE('',(#925,#926),#1008,.F.);
#1050=ADVANCED_FACE('',(#927,#928),#1009,.F.);
#1051=ADVANCED_FACE('',(#929,#930),#1010,.F.);
#1052=ADVANCED_FACE('',(#931,#932),#1011,.F.);
#1053=ADVANCED_FACE('',(#933,#934),#1012,.F.);
#1054=ADVANCED_FACE('',(#935,#936),#30,.F.);
#1055=ADVANCED_FACE('',(#937,#938),#31,.F.);
#1056=ADVANCED_FACE('',(#939,#940),#32,.F.);
#1057=ADVANCED_FACE('',(#941,#942),#33,.F.);
#1058=ADVANCED_FACE('',(#943,#944),#34,.F.);
#1059=ADVANCED_FACE('',(#945,#946),#35,.F.);
#1060=ADVANCED_FACE('',(#947,#948),#36,.F.);
#1061=ADVANCED_FACE('',(#949,#950),#37,.F.);
#1062=ADVANCED_FACE('',(#951,#952),#38,.F.);
#1063=ADVANCED_FACE('',(#953,#954),#39,.F.);
#1064=ADVANCED_FACE('',(#955,#956),#40,.F.);
#1065=ADVANCED_FACE('',(#957,#958),#41,.F.);
#1066=ADVANCED_FACE('',(#959,#960),#42,.F.);
#1067=ADVANCED_FACE('',(#961,#962),#43,.F.);
#1068=ADVANCED_FACE('',(#963),#1013,.T.);
#1069=ADVANCED_FACE('',(#964),#1014,.T.);
#1070=ADVANCED_FACE('',(#965),#1015,.T.);
#1071=ADVANCED_FACE('',(#966),#1016,.T.);
#1072=ADVANCED_FACE('',(#967),#158,.F.);
#1073=ADVANCED_FACE('',(#968),#44,.T.);
#1074=ADVANCED_FACE('',(#969),#45,.T.);
#1075=ADVANCED_FACE('',(#970),#159,.F.);
#1076=ADVANCED_FACE('',(#971),#160,.F.);
#1077=ADVANCED_FACE('',(#972),#46,.T.);
#1078=ADVANCED_FACE('',(#973),#47,.T.);
#1079=ADVANCED_FACE('',(#974),#161,.T.);
#1080=ADVANCED_FACE('',(#975),#1017,.T.);
#1081=ADVANCED_FACE('',(#976),#162,.T.);
#1082=ADVANCED_FACE('',(#977),#1018,.T.);
#1083=ADVANCED_FACE('',(#978),#24,.T.);
#1084=ADVANCED_FACE('',(#979),#25,.T.);
#1085=ADVANCED_FACE('',(#980),#1019,.T.);
#1086=ADVANCED_FACE('',(#981),#1020,.T.);
#1087=ADVANCED_FACE('',(#982),#26,.T.);
#1088=ADVANCED_FACE('',(#983),#1021,.T.);
#1089=ADVANCED_FACE('',(#984),#1022,.T.);
#1090=ADVANCED_FACE('',(#985),#1023,.T.);
#1091=ADVANCED_FACE('',(#986),#27,.T.);
#1092=ADVANCED_FACE('',(#987),#28,.T.);
#1093=ADVANCED_FACE('',(#988),#1024,.T.);
#1094=ADVANCED_FACE('',(#989),#1025,.T.);
#1095=ADVANCED_FACE('',(#990),#1026,.T.);
#1096=ADVANCED_FACE('',(#991),#29,.T.);
#1097=ADVANCED_FACE('',(#992),#1027,.T.);
#1098=ADVANCED_FACE('',(#993),#12,.F.);
#1099=ADVANCED_FACE('',(#994),#1028,.F.);
#1100=ADVANCED_FACE('',(#995),#13,.F.);
#1101=ADVANCED_FACE('',(#996),#14,.F.);
#1102=ADVANCED_FACE('',(#997),#1029,.F.);
#1103=ADVANCED_FACE('',(#998),#15,.F.);
#1104=CLOSED_SHELL('',(#1030,#1031,#1032,#1033,#1034,#1035,#1036,#1037,
#1038,#1039,#1040,#1041,#1042,#1043,#1044,#1045,#1046,#1047,#1048,#1049,
#1050,#1051,#1052,#1053,#1054,#1055,#1056,#1057,#1058,#1059,#1060,#1061,
#1062,#1063,#1064,#1065,#1066,#1067,#1068,#1069,#1070,#1071,#1072,#1073,
#1074,#1075,#1076,#1077,#1078,#1079,#1080,#1081,#1082,#1083,#1084,#1085,
#1086,#1087,#1088,#1089,#1090,#1091,#1092,#1093,#1094,#1095,#1096,#1097,
#1098,#1099,#1100,#1101,#1102,#1103));
#1105=STYLED_ITEM('',(#1106),#1113);
#1106=PRESENTATION_STYLE_ASSIGNMENT((#1107));
#1107=SURFACE_STYLE_USAGE(.BOTH.,#1108);
#1108=SURFACE_SIDE_STYLE('',(#1109));
#1109=SURFACE_STYLE_FILL_AREA(#1110);
#1110=FILL_AREA_STYLE('',(#1111));
#1111=FILL_AREA_STYLE_COLOUR('',#1112);
#1112=COLOUR_RGB('',0.615686274509804,0.811764705882353,0.929411764705882);
#1113=MANIFOLD_SOLID_BREP('Part 1',#1104);
#1114=SHAPE_DEFINITION_REPRESENTATION(#2112,#1115);
#1115=SHAPE_REPRESENTATION('Part 1',(#1116),#2107);
#1116=AXIS2_PLACEMENT_3D('',#1601,#1261,#1262);
#1117=AXIS2_PLACEMENT_3D('',#1602,#1263,#1264);
#1118=AXIS2_PLACEMENT_3D('',#1603,#1265,#1266);
#1119=AXIS2_PLACEMENT_3D('',#1617,#1267,#1268);
#1120=AXIS2_PLACEMENT_3D('',#1618,#1269,#1270);
#1121=AXIS2_PLACEMENT_3D('',#1632,#1271,#1272);
#1122=AXIS2_PLACEMENT_3D('',#1633,#1273,#1274);
#1123=AXIS2_PLACEMENT_3D('',#1647,#1275,#1276);
#1124=AXIS2_PLACEMENT_3D('',#1648,#1277,#1278);
#1125=AXIS2_PLACEMENT_3D('',#1662,#1279,#1280);
#1126=AXIS2_PLACEMENT_3D('',#1663,#1281,#1282);
#1127=AXIS2_PLACEMENT_3D('',#1665,#1283,#1284);
#1128=AXIS2_PLACEMENT_3D('',#1674,#1288,#1289);
#1129=AXIS2_PLACEMENT_3D('',#1678,#1291,#1292);
#1130=AXIS2_PLACEMENT_3D('',#1679,#1293,#1294);
#1131=AXIS2_PLACEMENT_3D('',#1680,#1295,#1296);
#1132=AXIS2_PLACEMENT_3D('',#1690,#1301,#1302);
#1133=AXIS2_PLACEMENT_3D('',#1691,#1303,#1304);
#1134=AXIS2_PLACEMENT_3D('',#1696,#1306,#1307);
#1135=AXIS2_PLACEMENT_3D('',#1700,#1309,#1310);
#1136=AXIS2_PLACEMENT_3D('',#1704,#1312,#1313);
#1137=AXIS2_PLACEMENT_3D('',#1707,#1315,#1316);
#1138=AXIS2_PLACEMENT_3D('',#1709,#1317,#1318);
#1139=AXIS2_PLACEMENT_3D('',#1711,#1319,#1320);
#1140=AXIS2_PLACEMENT_3D('',#1720,#1325,#1326);
#1141=AXIS2_PLACEMENT_3D('',#1721,#1327,#1328);
#1142=AXIS2_PLACEMENT_3D('',#1723,#1329,#1330);
#1143=AXIS2_PLACEMENT_3D('',#1732,#1334,#1335);
#1144=AXIS2_PLACEMENT_3D('',#1735,#1337,#1338);
#1145=AXIS2_PLACEMENT_3D('',#1744,#1343,#1344);
#1146=AXIS2_PLACEMENT_3D('',#1745,#1345,#1346);
#1147=AXIS2_PLACEMENT_3D('',#1747,#1347,#1348);
#1148=AXIS2_PLACEMENT_3D('',#1749,#1349,#1350);
#1149=AXIS2_PLACEMENT_3D('',#1751,#1351,#1352);
#1150=AXIS2_PLACEMENT_3D('',#1766,#1359,#1360);
#1151=AXIS2_PLACEMENT_3D('',#1769,#1362,#1363);
#1152=AXIS2_PLACEMENT_3D('',#1770,#1364,#1365);
#1153=AXIS2_PLACEMENT_3D('',#1772,#1366,#1367);
#1154=AXIS2_PLACEMENT_3D('',#1774,#1368,#1369);
#1155=AXIS2_PLACEMENT_3D('',#1776,#1370,#1371);
#1156=AXIS2_PLACEMENT_3D('',#1787,#1376,#1377);
#1157=AXIS2_PLACEMENT_3D('',#1794,#1381,#1382);
#1158=AXIS2_PLACEMENT_3D('',#1795,#1383,#1384);
#1159=AXIS2_PLACEMENT_3D('',#1845,#1385,#1386);
#1160=AXIS2_PLACEMENT_3D('',#1847,#1387,#1388);
#1161=AXIS2_PLACEMENT_3D('',#1848,#1389,#1390);
#1162=AXIS2_PLACEMENT_3D('',#1849,#1391,#1392);
#1163=AXIS2_PLACEMENT_3D('',#1899,#1393,#1394);
#1164=AXIS2_PLACEMENT_3D('',#1901,#1395,#1396);
#1165=AXIS2_PLACEMENT_3D('',#1902,#1397,#1398);
#1166=AXIS2_PLACEMENT_3D('',#1903,#1399,#1400);
#1167=AXIS2_PLACEMENT_3D('',#1905,#1401,#1402);
#1168=AXIS2_PLACEMENT_3D('',#1906,#1403,#1404);
#1169=AXIS2_PLACEMENT_3D('',#1908,#1405,#1406);
#1170=AXIS2_PLACEMENT_3D('',#1909,#1407,#1408);
#1171=AXIS2_PLACEMENT_3D('',#1911,#1409,#1410);
#1172=AXIS2_PLACEMENT_3D('',#1912,#1411,#1412);
#1173=AXIS2_PLACEMENT_3D('',#1914,#1413,#1414);
#1174=AXIS2_PLACEMENT_3D('',#1915,#1415,#1416);
#1175=AXIS2_PLACEMENT_3D('',#1917,#1417,#1418);
#1176=AXIS2_PLACEMENT_3D('',#1918,#1419,#1420);
#1177=AXIS2_PLACEMENT_3D('',#1920,#1421,#1422);
#1178=AXIS2_PLACEMENT_3D('',#1921,#1423,#1424);
#1179=AXIS2_PLACEMENT_3D('',#1923,#1425,#1426);
#1180=AXIS2_PLACEMENT_3D('',#1924,#1427,#1428);
#1181=AXIS2_PLACEMENT_3D('',#1926,#1429,#1430);
#1182=AXIS2_PLACEMENT_3D('',#1927,#1431,#1432);
#1183=AXIS2_PLACEMENT_3D('',#1928,#1433,#1434);
#1184=AXIS2_PLACEMENT_3D('',#1929,#1435,#1436);
#1185=AXIS2_PLACEMENT_3D('',#1930,#1437,#1438);
#1186=AXIS2_PLACEMENT_3D('',#1931,#1439,#1440);
#1187=AXIS2_PLACEMENT_3D('',#1932,#1441,#1442);
#1188=AXIS2_PLACEMENT_3D('',#1933,#1443,#1444);
#1189=AXIS2_PLACEMENT_3D('',#1934,#1445,#1446);
#1190=AXIS2_PLACEMENT_3D('',#1935,#1447,#1448);
#1191=AXIS2_PLACEMENT_3D('',#1936,#1449,#1450);
#1192=AXIS2_PLACEMENT_3D('',#1937,#1451,#1452);
#1193=AXIS2_PLACEMENT_3D('',#1938,#1453,#1454);
#1194=AXIS2_PLACEMENT_3D('',#1939,#1455,#1456);
#1195=AXIS2_PLACEMENT_3D('',#1940,#1457,#1458);
#1196=AXIS2_PLACEMENT_3D('',#1941,#1459,#1460);
#1197=AXIS2_PLACEMENT_3D('',#1942,#1461,#1462);
#1198=AXIS2_PLACEMENT_3D('',#1943,#1463,#1464);
#1199=AXIS2_PLACEMENT_3D('',#1944,#1465,#1466);
#1200=AXIS2_PLACEMENT_3D('',#1945,#1467,#1468);
#1201=AXIS2_PLACEMENT_3D('',#1946,#1469,#1470);
#1202=AXIS2_PLACEMENT_3D('',#1947,#1471,#1472);
#1203=AXIS2_PLACEMENT_3D('',#1948,#1473,#1474);
#1204=AXIS2_PLACEMENT_3D('',#1949,#1475,#1476);
#1205=AXIS2_PLACEMENT_3D('',#1950,#1477,#1478);
#1206=AXIS2_PLACEMENT_3D('',#1951,#1479,#1480);
#1207=AXIS2_PLACEMENT_3D('',#1952,#1481,#1482);
#1208=AXIS2_PLACEMENT_3D('',#1955,#1485,#1486);
#1209=AXIS2_PLACEMENT_3D('',#1957,#1488,#1489);
#1210=AXIS2_PLACEMENT_3D('',#1959,#1491,#1492);
#1211=AXIS2_PLACEMENT_3D('',#1961,#1494,#1495);
#1212=AXIS2_PLACEMENT_3D('',#1963,#1497,#1498);
#1213=AXIS2_PLACEMENT_3D('',#1965,#1500,#1501);
#1214=AXIS2_PLACEMENT_3D('',#1967,#1503,#1504);
#1215=AXIS2_PLACEMENT_3D('',#1968,#1505,#1506);
#1216=AXIS2_PLACEMENT_3D('',#1969,#1507,#1508);
#1217=AXIS2_PLACEMENT_3D('',#1970,#1509,#1510);
#1218=AXIS2_PLACEMENT_3D('',#1971,#1511,#1512);
#1219=AXIS2_PLACEMENT_3D('',#1980,#1517,#1518);
#1220=AXIS2_PLACEMENT_3D('',#1981,#1519,#1520);
#1221=AXIS2_PLACEMENT_3D('',#1982,#1521,#1522);
#1222=AXIS2_PLACEMENT_3D('',#1983,#1523,#1524);
#1223=AXIS2_PLACEMENT_3D('',#1984,#1525,#1526);
#1224=AXIS2_PLACEMENT_3D('',#1985,#1527,#1528);
#1225=AXIS2_PLACEMENT_3D('',#1986,#1529,#1530);
#1226=AXIS2_PLACEMENT_3D('',#1987,#1531,#1532);
#1227=AXIS2_PLACEMENT_3D('',#1988,#1533,#1534);
#1228=AXIS2_PLACEMENT_3D('',#1989,#1535,#1536);
#1229=AXIS2_PLACEMENT_3D('',#1990,#1537,#1538);
#1230=AXIS2_PLACEMENT_3D('',#1991,#1539,#1540);
#1231=AXIS2_PLACEMENT_3D('',#1992,#1541,#1542);
#1232=AXIS2_PLACEMENT_3D('',#1993,#1543,#1544);
#1233=AXIS2_PLACEMENT_3D('',#1994,#1545,#1546);
#1234=AXIS2_PLACEMENT_3D('',#1995,#1547,#1548);
#1235=AXIS2_PLACEMENT_3D('',#1996,#1549,#1550);
#1236=AXIS2_PLACEMENT_3D('',#1997,#1551,#1552);
#1237=AXIS2_PLACEMENT_3D('',#1998,#1553,#1554);
#1238=AXIS2_PLACEMENT_3D('',#1999,#1555,#1556);
#1239=AXIS2_PLACEMENT_3D('',#2000,#1557,#1558);
#1240=AXIS2_PLACEMENT_3D('',#2001,#1559,#1560);
#1241=AXIS2_PLACEMENT_3D('',#2002,#1561,#1562);
#1242=AXIS2_PLACEMENT_3D('',#2003,#1563,#1564);
#1243=AXIS2_PLACEMENT_3D('',#2004,#1565,#1566);
#1244=AXIS2_PLACEMENT_3D('',#2005,#1567,#1568);
#1245=AXIS2_PLACEMENT_3D('',#2006,#1569,#1570);
#1246=AXIS2_PLACEMENT_3D('',#2007,#1571,#1572);
#1247=AXIS2_PLACEMENT_3D('',#2008,#1573,#1574);
#1248=AXIS2_PLACEMENT_3D('',#2009,#1575,#1576);
#1249=AXIS2_PLACEMENT_3D('',#2010,#1577,#1578);
#1250=AXIS2_PLACEMENT_3D('',#2011,#1579,#1580);
#1251=AXIS2_PLACEMENT_3D('',#2012,#1581,#1582);
#1252=AXIS2_PLACEMENT_3D('',#2013,#1583,#1584);
#1253=AXIS2_PLACEMENT_3D('',#2014,#1585,#1586);
#1254=AXIS2_PLACEMENT_3D('',#2015,#1587,#1588);
#1255=AXIS2_PLACEMENT_3D('',#2037,#1589,#1590);
#1256=AXIS2_PLACEMENT_3D('',#2038,#1591,#1592);
#1257=AXIS2_PLACEMENT_3D('',#2039,#1593,#1594);
#1258=AXIS2_PLACEMENT_3D('',#2082,#1595,#1596);
#1259=AXIS2_PLACEMENT_3D('',#2083,#1597,#1598);
#1260=AXIS2_PLACEMENT_3D('',#2084,#1599,#1600);
#1261=DIRECTION('',(0.,0.,1.));
#1262=DIRECTION('',(1.,0.,0.));
#1263=DIRECTION('',(0.,-6.12323399573677E-17,1.));
#1264=DIRECTION('',(0.,-1.,-6.12323399573677E-17));
#1265=DIRECTION('',(0.,0.,-1.));
#1266=DIRECTION('',(-1.,0.,0.));
#1267=DIRECTION('',(0.,-6.12323399573677E-17,1.));
#1268=DIRECTION('',(0.,-1.,-6.12323399573677E-17));
#1269=DIRECTION('',(0.,0.,1.));
#1270=DIRECTION('',(1.,0.,0.));
#1271=DIRECTION('',(0.,-6.12323399573677E-17,1.));
#1272=DIRECTION('',(0.,-1.,-6.12323399573677E-17));
#1273=DIRECTION('',(0.,0.,-1.));
#1274=DIRECTION('',(-1.,0.,0.));
#1275=DIRECTION('',(0.,-6.12323399573677E-17,1.));
#1276=DIRECTION('',(0.,-1.,-6.12323399573677E-17));
#1277=DIRECTION('',(0.,0.,1.));
#1278=DIRECTION('',(1.,0.,0.));
#1279=DIRECTION('',(2.31296463463574E-16,0.,-1.));
#1280=DIRECTION('',(-1.,0.,-2.31296463463574E-16));
#1281=DIRECTION('',(2.31296463463574E-16,0.,-1.));
#1282=DIRECTION('',(-1.,0.,-2.31296463463574E-16));
#1283=DIRECTION('',(2.31296463463574E-16,0.,-1.));
#1284=DIRECTION('',(-1.,0.,-2.31296463463574E-16));
#1285=DIRECTION('',(-1.,0.,-2.31296463463574E-16));
#1286=DIRECTION('',(0.,-1.,0.));
#1287=DIRECTION('',(-1.,0.,-2.31296463463574E-16));
#1288=DIRECTION('',(2.31296463463574E-16,0.,-1.));
#1289=DIRECTION('',(-1.,0.,-2.31296463463574E-16));
#1290=DIRECTION('',(0.,1.,0.));
#1291=DIRECTION('',(2.31296463463574E-16,0.,-1.));
#1292=DIRECTION('',(-1.,0.,-2.31296463463574E-16));
#1293=DIRECTION('',(1.,0.,0.));
#1294=DIRECTION('',(0.,0.,-1.));
#1295=DIRECTION('',(1.,0.,0.));
#1296=DIRECTION('',(0.,0.,-1.));
#1297=DIRECTION('',(0.,0.,-1.));
#1298=DIRECTION('',(0.,1.,0.));
#1299=DIRECTION('',(0.,0.,-1.));
#1300=DIRECTION('',(0.,-1.,0.));
#1301=DIRECTION('',(0.,0.,1.));
#1302=DIRECTION('',(1.,0.,0.));
#1303=DIRECTION('',(0.,0.,1.));
#1304=DIRECTION('',(1.,0.,0.));
#1305=DIRECTION('',(-1.,0.,0.));
#1306=DIRECTION('',(0.,0.,1.));
#1307=DIRECTION('',(1.,0.,0.));
#1308=DIRECTION('',(0.,1.,0.));
#1309=DIRECTION('',(0.,0.,1.));
#1310=DIRECTION('',(1.,0.,0.));
#1311=DIRECTION('',(1.,0.,0.));
#1312=DIRECTION('',(0.,0.,1.));
#1313=DIRECTION('',(1.,0.,0.));
#1314=DIRECTION('',(0.,-1.,0.));
#1315=DIRECTION('',(0.,0.,1.));
#1316=DIRECTION('',(1.,0.,0.));
#1317=DIRECTION('',(0.,0.,1.));
#1318=DIRECTION('',(1.,0.,0.));
#1319=DIRECTION('',(-1.,0.,0.));
#1320=DIRECTION('',(0.,0.,1.));
#1321=DIRECTION('',(0.,0.,1.));
#1322=DIRECTION('',(0.,1.,0.));
#1323=DIRECTION('',(0.,0.,1.));
#1324=DIRECTION('',(0.,1.,0.));
#1325=DIRECTION('',(0.,0.,-1.));
#1326=DIRECTION('',(-1.,0.,0.));
#1327=DIRECTION('',(0.,0.,-1.));
#1328=DIRECTION('',(-1.,0.,0.));
#1329=DIRECTION('',(0.,0.,-1.));
#1330=DIRECTION('',(-1.,0.,0.));
#1331=DIRECTION('',(-1.,0.,0.));
#1332=DIRECTION('',(0.,1.,0.));
#1333=DIRECTION('',(-1.,0.,0.));
#1334=DIRECTION('',(0.,0.,-1.));
#1335=DIRECTION('',(-1.,0.,0.));
#1336=DIRECTION('',(0.,1.,0.));
#1337=DIRECTION('',(1.,0.,0.));
#1338=DIRECTION('',(0.,0.,-1.));
#1339=DIRECTION('',(0.,0.,-1.));
#1340=DIRECTION('',(0.,1.,0.));
#1341=DIRECTION('',(0.,0.,-1.));
#1342=DIRECTION('',(0.,1.,0.));
#1343=DIRECTION('',(0.,-1.,0.));
#1344=DIRECTION('',(1.,0.,0.));
#1345=DIRECTION('',(0.,-1.,0.));
#1346=DIRECTION('',(0.,0.,-1.));
#1347=DIRECTION('',(0.,-1.,0.));
#1348=DIRECTION('',(0.,0.,-1.));
#1349=DIRECTION('',(0.,-1.,0.));
#1350=DIRECTION('',(0.,0.,-1.));
#1351=DIRECTION('',(0.,-1.,0.));
#1352=DIRECTION('',(0.,0.,-1.));
#1353=DIRECTION('',(0.707106781186548,0.,0.707106781186548));
#1354=DIRECTION('',(-1.,0.,-2.31296463463574E-16));
#1355=DIRECTION('',(0.,0.,-1.));
#1356=DIRECTION('',(1.,0.,0.));
#1357=DIRECTION('',(0.,0.,1.));
#1358=DIRECTION('',(-1.,0.,0.));
#1359=DIRECTION('',(0.,-1.,0.));
#1360=DIRECTION('',(0.,0.,-1.));
#1361=DIRECTION('',(0.,0.,-1.));
#1362=DIRECTION('',(0.,-1.,0.));
#1363=DIRECTION('',(1.,0.,0.));
#1364=DIRECTION('',(0.,-1.,0.));
#1365=DIRECTION('',(0.,0.,-1.));
#1366=DIRECTION('',(0.,-1.,0.));
#1367=DIRECTION('',(0.,0.,-1.));
#1368=DIRECTION('',(0.,-1.,0.));
#1369=DIRECTION('',(0.,0.,-1.));
#1370=DIRECTION('',(0.,-1.,0.));
#1371=DIRECTION('',(0.,0.,-1.));
#1372=DIRECTION('',(0.,0.,-1.));
#1373=DIRECTION('',(-1.,0.,-2.31296463463574E-16));
#1374=DIRECTION('',(-0.707106781186548,0.,-0.707106781186548));
#1375=DIRECTION('',(0.,0.,-1.));
#1376=DIRECTION('',(0.,-1.,0.));
#1377=DIRECTION('',(0.,0.,-1.));
#1378=DIRECTION('',(-1.,0.,0.));
#1379=DIRECTION('',(0.,0.,1.));
#1380=DIRECTION('',(-1.,0.,0.));
#1381=DIRECTION('',(0.,0.,1.));
#1382=DIRECTION('',(1.,0.,0.));
#1383=DIRECTION('',(0.,0.,-1.));
#1384=DIRECTION('',(-1.,0.,0.));
#1385=DIRECTION('',(0.,0.,1.));
#1386=DIRECTION('',(1.,0.,0.));
#1387=DIRECTION('',(0.,0.,1.));
#1388=DIRECTION('',(1.,0.,0.));
#1389=DIRECTION('',(-1.,0.,0.));
#1390=DIRECTION('',(0.,0.,1.));
#1391=DIRECTION('',(1.,0.,0.));
#1392=DIRECTION('',(0.,0.,-1.));
#1393=DIRECTION('',(-1.,0.,0.));
#1394=DIRECTION('',(0.,0.,1.));
#1395=DIRECTION('',(-1.,0.,0.));
#1396=DIRECTION('',(0.,-1.,0.));
#1397=DIRECTION('',(0.,-1.,0.));
#1398=DIRECTION('',(0.,0.,-1.));
#1399=DIRECTION('',(0.,-1.,0.));
#1400=DIRECTION('',(0.,0.,-1.));
#1401=DIRECTION('',(0.,-1.,0.));
#1402=DIRECTION('',(0.,0.,-1.));
#1403=DIRECTION('',(0.,-1.,0.));
#1404=DIRECTION('',(0.,0.,-1.));
#1405=DIRECTION('',(0.,-1.,0.));
#1406=DIRECTION('',(0.,0.,-1.));
#1407=DIRECTION('',(0.,-1.,0.));
#1408=DIRECTION('',(0.,0.,-1.));
#1409=DIRECTION('',(0.,-1.,0.));
#1410=DIRECTION('',(0.,0.,-1.));
#1411=DIRECTION('',(0.,-1.,0.));
#1412=DIRECTION('',(0.,0.,-1.));
#1413=DIRECTION('',(0.,-1.,0.));
#1414=DIRECTION('',(0.,0.,-1.));
#1415=DIRECTION('',(0.,-1.,0.));
#1416=DIRECTION('',(0.,0.,-1.));
#1417=DIRECTION('',(0.,-1.,0.));
#1418=DIRECTION('',(0.,0.,-1.));
#1419=DIRECTION('',(0.,-1.,0.));
#1420=DIRECTION('',(0.,0.,-1.));
#1421=DIRECTION('',(0.,-1.,0.));
#1422=DIRECTION('',(0.,0.,-1.));
#1423=DIRECTION('',(0.,-1.,0.));
#1424=DIRECTION('',(0.,0.,-1.));
#1425=DIRECTION('',(0.,-1.,0.));
#1426=DIRECTION('',(0.,0.,-1.));
#1427=DIRECTION('',(0.,-1.,0.));
#1428=DIRECTION('',(0.,0.,-1.));
#1429=DIRECTION('',(0.,0.,1.));
#1430=DIRECTION('',(1.,0.,0.));
#1431=DIRECTION('',(0.,0.,1.));
#1432=DIRECTION('',(1.,0.,0.));
#1433=DIRECTION('',(0.,0.,-1.));
#1434=DIRECTION('',(-1.,0.,0.));
#1435=DIRECTION('',(0.,0.,-1.));
#1436=DIRECTION('',(-1.,0.,0.));
#1437=DIRECTION('',(0.,-1.,0.));
#1438=DIRECTION('',(0.,0.,-1.));
#1439=DIRECTION('',(0.,-1.,0.));
#1440=DIRECTION('',(0.,0.,-1.));
#1441=DIRECTION('',(0.,1.,0.));
#1442=DIRECTION('',(0.,0.,1.));
#1443=DIRECTION('',(0.,1.,0.));
#1444=DIRECTION('',(0.,0.,1.));
#1445=DIRECTION('',(0.,-1.,0.));
#1446=DIRECTION('',(0.,0.,-1.));
#1447=DIRECTION('',(0.,-1.,0.));
#1448=DIRECTION('',(0.,0.,-1.));
#1449=DIRECTION('',(0.,1.,0.));
#1450=DIRECTION('',(0.,0.,1.));
#1451=DIRECTION('',(0.,1.,0.));
#1452=DIRECTION('',(0.,0.,1.));
#1453=DIRECTION('',(-1.,0.,0.));
#1454=DIRECTION('',(0.,0.,1.));
#1455=DIRECTION('',(0.,0.,1.));
#1456=DIRECTION('',(1.,0.,0.));
#1457=DIRECTION('',(0.,0.,1.));
#1458=DIRECTION('',(1.,0.,0.));
#1459=DIRECTION('',(0.,0.,-1.));
#1460=DIRECTION('',(-1.,0.,0.));
#1461=DIRECTION('',(0.,0.,1.));
#1462=DIRECTION('',(1.,0.,0.));
#1463=DIRECTION('',(0.,0.,-1.));
#1464=DIRECTION('',(-1.,0.,0.));
#1465=DIRECTION('',(2.31296463463574E-16,0.,-1.));
#1466=DIRECTION('',(-1.,0.,-2.31296463463574E-16));
#1467=DIRECTION('',(0.,0.,1.));
#1468=DIRECTION('',(1.,0.,0.));
#1469=DIRECTION('',(0.,0.,-1.));
#1470=DIRECTION('',(-1.,0.,0.));
#1471=DIRECTION('',(0.,0.,-1.));
#1472=DIRECTION('',(-1.,0.,0.));
#1473=DIRECTION('',(0.,0.,1.));
#1474=DIRECTION('',(1.,0.,0.));
#1475=DIRECTION('',(0.,0.,1.));
#1476=DIRECTION('',(1.,0.,0.));
#1477=DIRECTION('',(2.31296463463574E-16,0.,-1.));
#1478=DIRECTION('',(-1.,0.,-2.31296463463574E-16));
#1479=DIRECTION('',(0.,0.,1.));
#1480=DIRECTION('',(1.,0.,0.));
#1481=DIRECTION('',(0.,-0.707106781186548,0.707106781186548));
#1482=DIRECTION('',(1.,0.,0.));
#1483=DIRECTION('',(6.13317366673349E-16,0.707106781186548,0.707106781186548));
#1484=DIRECTION('',(0.,-0.707106781186548,-0.707106781186548));
#1485=DIRECTION('',(0.,0.,1.));
#1486=DIRECTION('',(1.,0.,0.));
#1487=DIRECTION('',(0.707106781186548,0.,-0.707106781186547));
#1488=DIRECTION('',(0.,0.,1.));
#1489=DIRECTION('',(1.,0.,0.));
#1490=DIRECTION('',(0.707106781186548,0.,0.707106781186548));
#1491=DIRECTION('',(0.707106781186547,0.,0.707106781186548));
#1492=DIRECTION('',(0.,1.,0.));
#1493=DIRECTION('',(0.707106781186548,0.,-0.707106781186547));
#1494=DIRECTION('',(-0.707106781186548,0.,0.707106781186548));
#1495=DIRECTION('',(0.,1.,0.));
#1496=DIRECTION('',(0.707106781186548,0.,0.707106781186548));
#1497=DIRECTION('',(0.,0.,1.));
#1498=DIRECTION('',(1.,0.,0.));
#1499=DIRECTION('',(0.,0.707106781186548,-0.707106781186548));
#1500=DIRECTION('',(0.,0.,1.));
#1501=DIRECTION('',(1.,0.,0.));
#1502=DIRECTION('',(0.,-0.707106781186548,0.707106781186548));
#1503=DIRECTION('',(0.,-0.707106781186548,-0.707106781186548));
#1504=DIRECTION('',(-1.,0.,0.));
#1505=DIRECTION('',(0.,1.,0.));
#1506=DIRECTION('',(0.,0.,1.));
#1507=DIRECTION('',(0.,-1.,0.));
#1508=DIRECTION('',(0.,0.,-1.));
#1509=DIRECTION('',(0.,-1.,0.));
#1510=DIRECTION('',(0.,0.,-1.));
#1511=DIRECTION('',(-0.707106781186548,0.,0.707106781186548));
#1512=DIRECTION('',(0.,-1.,0.));
#1513=DIRECTION('',(0.707106781186548,0.,0.707106781186548));
#1514=DIRECTION('',(0.,1.,0.));
#1515=DIRECTION('',(-0.707106781186548,0.,-0.707106781186548));
#1516=DIRECTION('',(0.,-1.,0.));
#1517=DIRECTION('',(1.,0.,0.));
#1518=DIRECTION('',(0.,0.,-1.));
#1519=DIRECTION('',(-1.,0.,0.));
#1520=DIRECTION('',(0.,0.,1.));
#1521=DIRECTION('',(1.,0.,0.));
#1522=DIRECTION('',(0.,0.,-1.));
#1523=DIRECTION('',(0.,0.,-1.));
#1524=DIRECTION('',(-1.,0.,0.));
#1525=DIRECTION('',(0.,1.,0.));
#1526=DIRECTION('',(0.,0.,1.));
#1527=DIRECTION('',(0.,-1.,0.));
#1528=DIRECTION('',(0.,0.,-1.));
#1529=DIRECTION('',(0.,0.,-1.));
#1530=DIRECTION('',(-1.,0.,0.));
#1531=DIRECTION('',(0.,1.,0.));
#1532=DIRECTION('',(0.,0.,1.));
#1533=DIRECTION('',(0.,1.,0.));
#1534=DIRECTION('',(0.,0.,1.));
#1535=DIRECTION('',(0.,0.,1.));
#1536=DIRECTION('',(1.,0.,0.));
#1537=DIRECTION('',(0.779065031064217,0.,0.626943121321951));
#1538=DIRECTION('',(-0.626943121321951,0.,0.779065031064217));
#1539=DIRECTION('',(0.,0.,-1.));
#1540=DIRECTION('',(-1.,0.,0.));
#1541=DIRECTION('',(-1.,0.,0.));
#1542=DIRECTION('',(0.,0.,1.));
#1543=DIRECTION('',(-0.707106781186548,0.,-0.707106781186548));
#1544=DIRECTION('',(-0.707106781186548,0.,0.707106781186548));
#1545=DIRECTION('',(-0.994197898955828,0.,0.107566433945804));
#1546=DIRECTION('',(-0.107566433945804,0.,-0.994197898955828));
#1547=DIRECTION('',(-0.107566433945804,0.,0.994197898955828));
#1548=DIRECTION('',(-0.994197898955828,0.,-0.107566433945804));
#1549=DIRECTION('',(-1.,0.,0.));
#1550=DIRECTION('',(0.,0.,1.));
#1551=DIRECTION('',(-1.,0.,0.));
#1552=DIRECTION('',(0.,0.,1.));
#1553=DIRECTION('',(1.,0.,2.31296463463574E-16));
#1554=DIRECTION('',(2.31296463463574E-16,0.,-1.));
#1555=DIRECTION('',(-0.626943121321951,0.,-0.779065031064217));
#1556=DIRECTION('',(0.779065031064217,0.,-0.626943121321951));
#1557=DIRECTION('',(-1.,0.,0.));
#1558=DIRECTION('',(0.,0.,1.));
#1559=DIRECTION('',(0.,-1.,0.));
#1560=DIRECTION('',(0.,0.,-1.));
#1561=DIRECTION('',(0.,0.,-1.));
#1562=DIRECTION('',(-1.,0.,0.));
#1563=DIRECTION('',(2.31296463463574E-16,0.,-1.));
#1564=DIRECTION('',(-1.,0.,-2.31296463463574E-16));
#1565=DIRECTION('',(0.,1.,0.));
#1566=DIRECTION('',(0.,0.,1.));
#1567=DIRECTION('',(0.,0.,-1.));
#1568=DIRECTION('',(-1.,0.,0.));
#1569=DIRECTION('',(0.779065031064217,0.,0.626943121321951));
#1570=DIRECTION('',(-0.626943121321951,0.,0.779065031064217));
#1571=DIRECTION('',(0.,1.,0.));
#1572=DIRECTION('',(0.,0.,1.));
#1573=DIRECTION('',(0.,1.,0.));
#1574=DIRECTION('',(0.,0.,1.));
#1575=DIRECTION('',(-0.707106781186548,0.,-0.707106781186548));
#1576=DIRECTION('',(-0.707106781186548,0.,0.707106781186548));
#1577=DIRECTION('',(0.994197898955828,0.,-0.107566433945805));
#1578=DIRECTION('',(0.107566433945805,0.,0.994197898955828));
#1579=DIRECTION('',(-0.107566433945804,0.,0.994197898955828));
#1580=DIRECTION('',(-0.994197898955828,0.,-0.107566433945804));
#1581=DIRECTION('',(2.31296463463574E-16,0.,-1.));
#1582=DIRECTION('',(-1.,0.,-2.31296463463574E-16));
#1583=DIRECTION('',(1.,0.,0.));
#1584=DIRECTION('',(0.,0.,-1.));
#1585=DIRECTION('',(-1.,0.,-2.31296463463574E-16));
#1586=DIRECTION('',(-2.31296463463574E-16,0.,1.));
#1587=DIRECTION('',(0.626943121321951,0.,0.779065031064217));
#1588=DIRECTION('',(-0.779065031064217,0.,0.626943121321951));
#1589=DIRECTION('',(-3.59272995358297E-16,1.,8.67361737988403E-16));
#1590=DIRECTION('',(0.,-8.67361737988403E-16,1.));
#1591=DIRECTION('',(0.,1.,0.));
#1592=DIRECTION('',(0.,0.,1.));
#1593=DIRECTION('',(0.,1.,0.));
#1594=DIRECTION('',(0.,0.,1.));
#1595=DIRECTION('',(0.,-1.,0.));
#1596=DIRECTION('',(0.,0.,-1.));
#1597=DIRECTION('',(0.,-1.,0.));
#1598=DIRECTION('',(0.,0.,-1.));
#1599=DIRECTION('',(0.,-1.,0.));
#1600=DIRECTION('',(0.,0.,-1.));
#1601=CARTESIAN_POINT('',(0.,0.,0.));
#1602=CARTESIAN_POINT('',(-0.0467,-0.01235,-0.050928648493609));
#1603=CARTESIAN_POINT('',(-0.0467,-0.01235,0.0242));
#1604=CARTESIAN_POINT('',(-0.04795,-0.01235,0.0242));
#1605=CARTESIAN_POINT('',(-0.0476805283785114,-0.0133286912004049,0.0188909584056358));
#1606=CARTESIAN_POINT('',(-0.0466997763684805,-0.0137355875422203,0.0188003681985817));
#1607=CARTESIAN_POINT('',(-0.0457203661475664,-0.013328958630714,0.018890855698138));
#1608=CARTESIAN_POINT('',(-0.0453148400459241,-0.0123512605853361,0.0189795722274923));
#1609=CARTESIAN_POINT('',(-0.0457202749567679,-0.0113703945324381,0.0188908551479477));
#1610=CARTESIAN_POINT('',(-0.0466995764468558,-0.0109650435111312,0.0188004467230527));
#1611=CARTESIAN_POINT('',(-0.0476784041063745,-0.0113694320291121,0.0188906449748449));
#1612=CARTESIAN_POINT('',(-0.048085266371764,-0.0123490903148316,0.0189795990588544));
#1613=CARTESIAN_POINT('',(-0.0476805283785114,-0.0133286912004049,0.0188909584056358));
#1614=CARTESIAN_POINT('',(-0.0466997763684805,-0.0137355875422203,0.0188003681985817));
#1615=CARTESIAN_POINT('',(-0.0457203661475664,-0.013328958630714,0.018890855698138));
#1616=CARTESIAN_POINT('',(-0.0467,-0.0136,0.0188305478163501));
#1617=CARTESIAN_POINT('',(-0.0467,-0.01235,-0.050928648493609));
#1618=CARTESIAN_POINT('',(-0.0467,-0.01235,0.000500000000000035));
#1619=CARTESIAN_POINT('',(-0.04545,-0.01235,0.000500000000000035));
#1620=CARTESIAN_POINT('',(-0.0457194716214886,-0.0133286912004049,0.00580904159436422));
#1621=CARTESIAN_POINT('',(-0.0467002236315195,-0.0137355875422203,0.00589963180141834));
#1622=CARTESIAN_POINT('',(-0.0476796338524335,-0.013328958630714,0.00580914430186195));
#1623=CARTESIAN_POINT('',(-0.0480851599540759,-0.0123512605853361,0.00572042777250774));
#1624=CARTESIAN_POINT('',(-0.0476797250432321,-0.0113703945324381,0.00580914485205229));
#1625=CARTESIAN_POINT('',(-0.0467004235531442,-0.0109650435111312,0.00589955327694732));
#1626=CARTESIAN_POINT('',(-0.0457215958936255,-0.0113694320291121,0.0058093550251551));
#1627=CARTESIAN_POINT('',(-0.045314733628236,-0.0123490903148316,0.00572040094114562));
#1628=CARTESIAN_POINT('',(-0.0457194716214886,-0.0133286912004049,0.00580904159436422));
#1629=CARTESIAN_POINT('',(-0.0467002236315195,-0.0137355875422203,0.00589963180141834));
#1630=CARTESIAN_POINT('',(-0.0476796338524335,-0.013328958630714,0.00580914430186195));
#1631=CARTESIAN_POINT('',(-0.0467,-0.0136,0.00586945218364992));
#1632=CARTESIAN_POINT('',(-0.0327,-0.01235,-0.050928648493609));
#1633=CARTESIAN_POINT('',(-0.0327,-0.01235,0.0242));
#1634=CARTESIAN_POINT('',(-0.03395,-0.01235,0.0242));
#1635=CARTESIAN_POINT('',(-0.0336805283785115,-0.0133286912004049,0.0188909584056358));
#1636=CARTESIAN_POINT('',(-0.0326997763684805,-0.0137355875422203,0.0188003681985817));
#1637=CARTESIAN_POINT('',(-0.0317203661475665,-0.013328958630714,0.018890855698138));
#1638=CARTESIAN_POINT('',(-0.0313148400459241,-0.0123512605853361,0.0189795722274923));
#1639=CARTESIAN_POINT('',(-0.0317202749567679,-0.0113703945324381,0.0188908551479477));
#1640=CARTESIAN_POINT('',(-0.0326995764468558,-0.0109650435111312,0.0188004467230527));
#1641=CARTESIAN_POINT('',(-0.0336784041063745,-0.0113694320291122,0.0188906449748449));
#1642=CARTESIAN_POINT('',(-0.034085266371764,-0.0123490903148316,0.0189795990588544));
#1643=CARTESIAN_POINT('',(-0.0336805283785115,-0.0133286912004049,0.0188909584056358));
#1644=CARTESIAN_POINT('',(-0.0326997763684805,-0.0137355875422203,0.0188003681985817));
#1645=CARTESIAN_POINT('',(-0.0317203661475665,-0.013328958630714,0.018890855698138));
#1646=CARTESIAN_POINT('',(-0.0327,-0.0136,0.0188305478163501));
#1647=CARTESIAN_POINT('',(-0.0327,-0.01235,-0.050928648493609));
#1648=CARTESIAN_POINT('',(-0.0327,-0.01235,0.000500000000000035));
#1649=CARTESIAN_POINT('',(-0.03145,-0.01235,0.000500000000000035));
#1650=CARTESIAN_POINT('',(-0.0317194716214886,-0.0133286912004049,0.00580904159436422));
#1651=CARTESIAN_POINT('',(-0.0327002236315195,-0.0137355875422203,0.00589963180141834));
#1652=CARTESIAN_POINT('',(-0.0336796338524335,-0.013328958630714,0.00580914430186195));
#1653=CARTESIAN_POINT('',(-0.0340851599540759,-0.0123512605853361,0.00572042777250774));
#1654=CARTESIAN_POINT('',(-0.0336797250432321,-0.0113703945324381,0.0058091448520523));
#1655=CARTESIAN_POINT('',(-0.0327004235531442,-0.0109650435111312,0.00589955327694732));
#1656=CARTESIAN_POINT('',(-0.0317215958936255,-0.0113694320291121,0.0058093550251551));
#1657=CARTESIAN_POINT('',(-0.0313147336282359,-0.0123490903148316,0.00572040094114562));
#1658=CARTESIAN_POINT('',(-0.0317194716214886,-0.0133286912004049,0.00580904159436422));
#1659=CARTESIAN_POINT('',(-0.0327002236315195,-0.0137355875422203,0.00589963180141834));
#1660=CARTESIAN_POINT('',(-0.0336796338524335,-0.013328958630714,0.00580914430186195));
#1661=CARTESIAN_POINT('',(-0.0327,-0.0136,0.00586945218364992));
#1662=CARTESIAN_POINT('',(-0.0397,-0.0247,0.0247));
#1663=CARTESIAN_POINT('',(-0.0467,-0.01235,0.0247));
#1664=CARTESIAN_POINT('',(-0.04845,-0.01235,0.0247));
#1665=CARTESIAN_POINT('',(-0.0327,-0.01235,0.0247));
#1666=CARTESIAN_POINT('',(-0.03445,-0.01235,0.0247));
#1667=CARTESIAN_POINT('',(-0.0287,-0.0237,0.0247));
#1668=CARTESIAN_POINT('',(-0.0527,-0.0237,0.0247));
#1669=CARTESIAN_POINT('',(-0.0295284271247462,-0.0237,0.0247));
#1670=CARTESIAN_POINT('',(-0.0295284271247462,-0.001,0.0247));
#1671=CARTESIAN_POINT('',(-0.0295284271247462,-0.001,0.0247));
#1672=CARTESIAN_POINT('',(-0.0397,-0.001,0.0247));
#1673=CARTESIAN_POINT('',(-0.0527,-0.001,0.0247));
#1674=CARTESIAN_POINT('',(-0.0527,-0.002,0.0247));
#1675=CARTESIAN_POINT('',(-0.0537,-0.002,0.0247));
#1676=CARTESIAN_POINT('',(-0.0537,-0.0247,0.0247));
#1677=CARTESIAN_POINT('',(-0.0537,-0.0227,0.0247));
#1678=CARTESIAN_POINT('',(-0.0527,-0.0227,0.0247));
#1679=CARTESIAN_POINT('',(-0.0547,-0.0247,0.003));
#1680=CARTESIAN_POINT('',(-0.0547,-0.01235,0.01235));
#1681=CARTESIAN_POINT('',(-0.0547,-0.01235,0.00375));
#1682=CARTESIAN_POINT('',(-0.0547,-0.0227,0.0247));
#1683=CARTESIAN_POINT('',(-0.0547,-0.0227,0.0005));
#1684=CARTESIAN_POINT('',(-0.0547,-0.0227,0.0237));
#1685=CARTESIAN_POINT('',(-0.0547,-0.0247,0.0237));
#1686=CARTESIAN_POINT('',(-0.0547,-0.002,0.0237));
#1687=CARTESIAN_POINT('',(-0.0547,-0.002,0.003));
#1688=CARTESIAN_POINT('',(-0.0547,-0.002,0.0005));
#1689=CARTESIAN_POINT('',(-0.0547,-0.0247,0.0005));
#1690=CARTESIAN_POINT('',(-0.02735,-0.0247,0.));
#1691=CARTESIAN_POINT('',(-0.002,-0.0227,0.));
#1692=CARTESIAN_POINT('',(-0.0005,-0.0227,0.));
#1693=CARTESIAN_POINT('',(-0.002,-0.0242,0.));
#1694=CARTESIAN_POINT('',(-0.0527,-0.0242,0.));
#1695=CARTESIAN_POINT('',(-0.0527,-0.0242,0.));
#1696=CARTESIAN_POINT('',(-0.0527,-0.0227,0.));
#1697=CARTESIAN_POINT('',(-0.0542,-0.0227,0.));
#1698=CARTESIAN_POINT('',(-0.0542,-0.0247,0.));
#1699=CARTESIAN_POINT('',(-0.0542,-0.002,0.));
#1700=CARTESIAN_POINT('',(-0.0527,-0.002,0.));
#1701=CARTESIAN_POINT('',(-0.0527,-0.0005,0.));
#1702=CARTESIAN_POINT('',(-0.02735,-0.0005,0.));
#1703=CARTESIAN_POINT('',(-0.002,-0.0005,0.));
#1704=CARTESIAN_POINT('',(-0.002,-0.002,0.));
#1705=CARTESIAN_POINT('',(-0.0005,-0.002,0.));
#1706=CARTESIAN_POINT('',(-0.0005,-0.0247,0.));
#1707=CARTESIAN_POINT('',(-0.0467,-0.01235,0.));
#1708=CARTESIAN_POINT('',(-0.04495,-0.01235,0.));
#1709=CARTESIAN_POINT('',(-0.0327,-0.01235,0.));
#1710=CARTESIAN_POINT('',(-0.03095,-0.01235,0.));
#1711=CARTESIAN_POINT('',(0.,-0.0247,0.023));
#1712=CARTESIAN_POINT('',(0.,-0.002,0.023));
#1713=CARTESIAN_POINT('',(0.,-0.002,0.0005));
#1714=CARTESIAN_POINT('',(0.,-0.002,0.045));
#1715=CARTESIAN_POINT('',(0.,-0.0247,0.045));
#1716=CARTESIAN_POINT('',(0.,-0.0227,0.045));
#1717=CARTESIAN_POINT('',(0.,-0.0227,0.));
#1718=CARTESIAN_POINT('',(0.,-0.0227,0.0005));
#1719=CARTESIAN_POINT('',(0.,-0.0247,0.0005));
#1720=CARTESIAN_POINT('',(-0.003,-0.0247,0.046));
#1721=CARTESIAN_POINT('',(-0.01235,-0.01235,0.046));
#1722=CARTESIAN_POINT('',(-0.02095,-0.01235,0.046));
#1723=CARTESIAN_POINT('',(-0.002,-0.002,0.046));
#1724=CARTESIAN_POINT('',(-0.001,-0.002,0.046));
#1725=CARTESIAN_POINT('',(-0.002,-0.001,0.046));
#1726=CARTESIAN_POINT('',(-0.003,-0.001,0.046));
#1727=CARTESIAN_POINT('',(-0.0227,-0.001,0.046));
#1728=CARTESIAN_POINT('',(-0.0227,-0.0247,0.046));
#1729=CARTESIAN_POINT('',(-0.0227,-0.0237,0.046));
#1730=CARTESIAN_POINT('',(-0.002,-0.0237,0.046));
#1731=CARTESIAN_POINT('',(-0.002,-0.0237,0.046));
#1732=CARTESIAN_POINT('',(-0.002,-0.0227,0.046));
#1733=CARTESIAN_POINT('',(-0.001,-0.0227,0.046));
#1734=CARTESIAN_POINT('',(-0.001,-0.0247,0.046));
#1735=CARTESIAN_POINT('',(-0.0247,-0.0247,0.03535));
#1736=CARTESIAN_POINT('',(-0.0247,-0.001,0.03535));
#1737=CARTESIAN_POINT('',(-0.0247,-0.001,0.044));
#1738=CARTESIAN_POINT('',(-0.0247,-0.001,0.0295284271247462));
#1739=CARTESIAN_POINT('',(-0.0247,-0.0237,0.0295284271247462));
#1740=CARTESIAN_POINT('',(-0.0247,-0.0237,0.0295284271247462));
#1741=CARTESIAN_POINT('',(-0.0247,-0.0237,0.044));
#1742=CARTESIAN_POINT('',(-0.0247,-0.0237,0.044));
#1743=CARTESIAN_POINT('',(-0.0247,-0.0247,0.044));
#1744=CARTESIAN_POINT('',(-0.02735,-0.0247,0.023));
#1745=CARTESIAN_POINT('',(-0.01235,-0.0247,0.038));
#1746=CARTESIAN_POINT('',(-0.01235,-0.0247,0.03625));
#1747=CARTESIAN_POINT('',(-0.01235,-0.0247,0.014));
#1748=CARTESIAN_POINT('',(-0.01235,-0.0247,0.01225));
#1749=CARTESIAN_POINT('',(-0.0467,-0.0247,0.01235));
#1750=CARTESIAN_POINT('',(-0.0467,-0.0247,0.0106));
#1751=CARTESIAN_POINT('',(-0.0327,-0.0247,0.01235));
#1752=CARTESIAN_POINT('',(-0.0327,-0.0247,0.0106));
#1753=CARTESIAN_POINT('',(-0.0279928932188135,-0.0247,0.0239928932188135));
#1754=CARTESIAN_POINT('',(-0.0237,-0.0247,0.0282857864376269));
#1755=CARTESIAN_POINT('',(-0.0282857864376269,-0.0247,0.0237));
#1756=CARTESIAN_POINT('',(-0.0527,-0.0247,0.0237));
#1757=CARTESIAN_POINT('',(-0.0527,-0.0247,0.0237));
#1758=CARTESIAN_POINT('',(-0.0527,-0.0247,0.));
#1759=CARTESIAN_POINT('',(-0.0527,-0.0247,0.0005));
#1760=CARTESIAN_POINT('',(-0.002,-0.0247,0.0005));
#1761=CARTESIAN_POINT('',(-0.002,-0.0247,0.0005));
#1762=CARTESIAN_POINT('',(-0.002,-0.0247,0.046));
#1763=CARTESIAN_POINT('',(-0.002,-0.0247,0.045));
#1764=CARTESIAN_POINT('',(-0.0227,-0.0247,0.045));
#1765=CARTESIAN_POINT('',(-0.0227,-0.0247,0.045));
#1766=CARTESIAN_POINT('',(-0.0227,-0.0247,0.044));
#1767=CARTESIAN_POINT('',(-0.0237,-0.0247,0.044));
#1768=CARTESIAN_POINT('',(-0.0237,-0.0247,0.0287));
#1769=CARTESIAN_POINT('',(-0.02735,0.,0.023));
#1770=CARTESIAN_POINT('',(-0.01235,0.,0.038));
#1771=CARTESIAN_POINT('',(-0.01235,0.,0.03625));
#1772=CARTESIAN_POINT('',(-0.01235,0.,0.014));
#1773=CARTESIAN_POINT('',(-0.01235,0.,0.01225));
#1774=CARTESIAN_POINT('',(-0.0467,0.,0.01235));
#1775=CARTESIAN_POINT('',(-0.0467,0.,0.0106));
#1776=CARTESIAN_POINT('',(-0.0327,0.,0.01235));
#1777=CARTESIAN_POINT('',(-0.0327,0.,0.0106));
#1778=CARTESIAN_POINT('',(-0.0527,0.,0.023));
#1779=CARTESIAN_POINT('',(-0.0527,0.,0.0005));
#1780=CARTESIAN_POINT('',(-0.0527,0.,0.0237));
#1781=CARTESIAN_POINT('',(-0.02735,0.,0.0237));
#1782=CARTESIAN_POINT('',(-0.0282857864376269,0.,0.0237));
#1783=CARTESIAN_POINT('',(-0.0281678932188134,0.,0.0238178932188135));
#1784=CARTESIAN_POINT('',(-0.0237,0.,0.0282857864376269));
#1785=CARTESIAN_POINT('',(-0.0237,0.,0.023));
#1786=CARTESIAN_POINT('',(-0.0237,0.,0.044));
#1787=CARTESIAN_POINT('',(-0.0227,0.,0.044));
#1788=CARTESIAN_POINT('',(-0.0227,0.,0.045));
#1789=CARTESIAN_POINT('',(-0.02735,0.,0.045));
#1790=CARTESIAN_POINT('',(-0.002,0.,0.045));
#1791=CARTESIAN_POINT('',(-0.002,0.,0.023));
#1792=CARTESIAN_POINT('',(-0.002,0.,0.0005));
#1793=CARTESIAN_POINT('',(-0.02735,0.,0.0005));
#1794=CARTESIAN_POINT('',(-0.01235,-0.01235,0.006));
#1795=CARTESIAN_POINT('',(-0.01235,-0.01235,0.044));
#1796=CARTESIAN_POINT('',(-0.01895,-0.01235,0.044));
#1797=CARTESIAN_POINT('',(-0.0113694310756796,-0.00580932615528661,0.0130213475157286));
#1798=CARTESIAN_POINT('',(-0.0123502238295868,-0.00572036262618161,0.0126143924176916));
#1799=CARTESIAN_POINT('',(-0.0133296736059732,-0.00580922333998693,0.0130210828135049));
#1800=CARTESIAN_POINT('',(-0.0137351404524946,-0.00589956675662534,0.0139987334247775));
#1801=CARTESIAN_POINT('',(-0.0133297632850037,-0.00580922248484503,0.0149795692301815));
#1802=CARTESIAN_POINT('',(-0.0123504214715517,-0.0057204412474275,0.015384975982481));
#1803=CARTESIAN_POINT('',(-0.0113715563161291,-0.00580901263949741,0.0149805262376977));
#1804=CARTESIAN_POINT('',(-0.0109647536639137,-0.00589959347804766,0.0140009170206359));
#1805=CARTESIAN_POINT('',(-0.0113694310756796,-0.00580932615528661,0.0130213475157286));
#1806=CARTESIAN_POINT('',(-0.0123502238295868,-0.00572036262618161,0.0126143924176916));
#1807=CARTESIAN_POINT('',(-0.0133296736059732,-0.00580922333998693,0.0130210828135049));
#1808=CARTESIAN_POINT('',(-0.01235,-0.00575,0.01275));
#1809=CARTESIAN_POINT('',(-0.0133305689243205,-0.0188906738447134,0.0130213475157286));
#1810=CARTESIAN_POINT('',(-0.0123497761704132,-0.0189796373738184,0.0126143924176916));
#1811=CARTESIAN_POINT('',(-0.0113703263940268,-0.0188907766600131,0.0130210828135049));
#1812=CARTESIAN_POINT('',(-0.0109648595475054,-0.0188004332433747,0.0139987334247775));
#1813=CARTESIAN_POINT('',(-0.0113702367149963,-0.018890777515155,0.0149795692301815));
#1814=CARTESIAN_POINT('',(-0.0123495785284482,-0.0189795587525725,0.015384975982481));
#1815=CARTESIAN_POINT('',(-0.0133284436838709,-0.0188909873605026,0.0149805262376977));
#1816=CARTESIAN_POINT('',(-0.0137352463360863,-0.0188004065219523,0.0140009170206359));
#1817=CARTESIAN_POINT('',(-0.0133305689243205,-0.0188906738447134,0.0130213475157286));
#1818=CARTESIAN_POINT('',(-0.0123497761704132,-0.0189796373738184,0.0126143924176916));
#1819=CARTESIAN_POINT('',(-0.0113703263940268,-0.0188907766600131,0.0130210828135049));
#1820=CARTESIAN_POINT('',(-0.01235,-0.01895,0.01275));
#1821=CARTESIAN_POINT('',(-0.0113694310756796,-0.00580932615528661,0.0370213475157286));
#1822=CARTESIAN_POINT('',(-0.0123502238295868,-0.00572036262618161,0.0366143924176916));
#1823=CARTESIAN_POINT('',(-0.0133296736059732,-0.00580922333998693,0.0370210828135049));
#1824=CARTESIAN_POINT('',(-0.0137351404524946,-0.00589956675662534,0.0379987334247775));
#1825=CARTESIAN_POINT('',(-0.0133297632850037,-0.00580922248484503,0.0389795692301815));
#1826=CARTESIAN_POINT('',(-0.0123504214715517,-0.0057204412474275,0.039384975982481));
#1827=CARTESIAN_POINT('',(-0.0113715563161291,-0.00580901263949741,0.0389805262376977));
#1828=CARTESIAN_POINT('',(-0.0109647536639137,-0.00589959347804766,0.0380009170206359));
#1829=CARTESIAN_POINT('',(-0.0113694310756796,-0.00580932615528661,0.0370213475157286));
#1830=CARTESIAN_POINT('',(-0.0123502238295868,-0.00572036262618161,0.0366143924176916));
#1831=CARTESIAN_POINT('',(-0.0133296736059732,-0.00580922333998693,0.0370210828135049));
#1832=CARTESIAN_POINT('',(-0.01235,-0.00575,0.03675));
#1833=CARTESIAN_POINT('',(-0.0133305689243204,-0.0188906738447134,0.0370213475157285));
#1834=CARTESIAN_POINT('',(-0.0123497761704132,-0.0189796373738184,0.0366143924176916));
#1835=CARTESIAN_POINT('',(-0.0113703263940267,-0.0188907766600131,0.0370210828135049));
#1836=CARTESIAN_POINT('',(-0.0109648595475054,-0.0188004332433747,0.0379987334247775));
#1837=CARTESIAN_POINT('',(-0.0113702367149963,-0.018890777515155,0.0389795692301815));
#1838=CARTESIAN_POINT('',(-0.0123495785284483,-0.0189795587525725,0.039384975982481));
#1839=CARTESIAN_POINT('',(-0.0133284436838709,-0.0188909873605026,0.0389805262376977));
#1840=CARTESIAN_POINT('',(-0.0137352463360863,-0.0188004065219523,0.0380009170206359));
#1841=CARTESIAN_POINT('',(-0.0133305689243204,-0.0188906738447134,0.0370213475157285));
#1842=CARTESIAN_POINT('',(-0.0123497761704132,-0.0189796373738184,0.0366143924176916));
#1843=CARTESIAN_POINT('',(-0.0113703263940267,-0.0188907766600131,0.0370210828135049));
#1844=CARTESIAN_POINT('',(-0.01235,-0.01895,0.03675));
#1845=CARTESIAN_POINT('',(-0.01235,-0.01235,0.006));
#1846=CARTESIAN_POINT('',(-0.00575,-0.01235,0.006));
#1847=CARTESIAN_POINT('',(-0.01235,-0.01235,0.006));
#1848=CARTESIAN_POINT('',(-0.0247,-0.01235,0.01235));
#1849=CARTESIAN_POINT('',(-0.0527,-0.01235,0.01235));
#1850=CARTESIAN_POINT('',(-0.0527,-0.01235,0.00575));
#1851=CARTESIAN_POINT('',(-0.0317194716214885,-0.00580904159436422,0.0113713087995951));
#1852=CARTESIAN_POINT('',(-0.0327002236315195,-0.00589963180141832,0.0109644124577797));
#1853=CARTESIAN_POINT('',(-0.0336796338524335,-0.00580914430186195,0.011371041369286));
#1854=CARTESIAN_POINT('',(-0.0340851599540759,-0.00572042777250774,0.0123487394146639));
#1855=CARTESIAN_POINT('',(-0.0336797250432321,-0.00580914485205229,0.0133296054675619));
#1856=CARTESIAN_POINT('',(-0.0327004235531441,-0.00589955327694732,0.0137349564888688));
#1857=CARTESIAN_POINT('',(-0.0317215958936255,-0.0058093550251551,0.0133305679708879));
#1858=CARTESIAN_POINT('',(-0.031314733628236,-0.00572040094114562,0.0123509096851684));
#1859=CARTESIAN_POINT('',(-0.0317194716214885,-0.00580904159436422,0.0113713087995951));
#1860=CARTESIAN_POINT('',(-0.0327002236315195,-0.00589963180141832,0.0109644124577797));
#1861=CARTESIAN_POINT('',(-0.0336796338524335,-0.00580914430186195,0.011371041369286));
#1862=CARTESIAN_POINT('',(-0.0327,-0.0058694521836499,0.0111));
#1863=CARTESIAN_POINT('',(-0.0336805283785115,-0.0188909584056358,0.0113713087995951));
#1864=CARTESIAN_POINT('',(-0.0326997763684805,-0.0188003681985817,0.0109644124577797));
#1865=CARTESIAN_POINT('',(-0.0317203661475665,-0.018890855698138,0.011371041369286));
#1866=CARTESIAN_POINT('',(-0.0313148400459241,-0.0189795722274923,0.0123487394146639));
#1867=CARTESIAN_POINT('',(-0.0317202749567679,-0.0188908551479477,0.0133296054675619));
#1868=CARTESIAN_POINT('',(-0.0326995764468558,-0.0188004467230527,0.0137349564888688));
#1869=CARTESIAN_POINT('',(-0.0336784041063745,-0.0188906449748449,0.0133305679708879));
#1870=CARTESIAN_POINT('',(-0.034085266371764,-0.0189795990588544,0.0123509096851684));
#1871=CARTESIAN_POINT('',(-0.0336805283785115,-0.0188909584056358,0.0113713087995951));
#1872=CARTESIAN_POINT('',(-0.0326997763684805,-0.0188003681985817,0.0109644124577797));
#1873=CARTESIAN_POINT('',(-0.0317203661475665,-0.018890855698138,0.011371041369286));
#1874=CARTESIAN_POINT('',(-0.0327,-0.0188305478163501,0.0111));
#1875=CARTESIAN_POINT('',(-0.0457194716214886,-0.00580904159436423,0.0113713087995951));
#1876=CARTESIAN_POINT('',(-0.0467002236315195,-0.00589963180141832,0.0109644124577797));
#1877=CARTESIAN_POINT('',(-0.0476796338524336,-0.00580914430186195,0.011371041369286));
#1878=CARTESIAN_POINT('',(-0.0480851599540759,-0.00572042777250774,0.0123487394146639));
#1879=CARTESIAN_POINT('',(-0.0476797250432321,-0.00580914485205229,0.0133296054675619));
#1880=CARTESIAN_POINT('',(-0.0467004235531441,-0.00589955327694732,0.0137349564888688));
#1881=CARTESIAN_POINT('',(-0.0457215958936255,-0.0058093550251551,0.0133305679708879));
#1882=CARTESIAN_POINT('',(-0.0453147336282359,-0.00572040094114562,0.0123509096851684));
#1883=CARTESIAN_POINT('',(-0.0457194716214886,-0.00580904159436423,0.0113713087995951));
#1884=CARTESIAN_POINT('',(-0.0467002236315195,-0.00589963180141832,0.0109644124577797));
#1885=CARTESIAN_POINT('',(-0.0476796338524336,-0.00580914430186195,0.011371041369286));
#1886=CARTESIAN_POINT('',(-0.0467,-0.0058694521836499,0.0111));
#1887=CARTESIAN_POINT('',(-0.0476805283785114,-0.0188909584056358,0.0113713087995951));
#1888=CARTESIAN_POINT('',(-0.0466997763684805,-0.0188003681985817,0.0109644124577797));
#1889=CARTESIAN_POINT('',(-0.0457203661475665,-0.018890855698138,0.011371041369286));
#1890=CARTESIAN_POINT('',(-0.0453148400459241,-0.0189795722274923,0.0123487394146639));
#1891=CARTESIAN_POINT('',(-0.0457202749567679,-0.0188908551479477,0.0133296054675619));
#1892=CARTESIAN_POINT('',(-0.0466995764468558,-0.0188004467230527,0.0137349564888688));
#1893=CARTESIAN_POINT('',(-0.0476784041063745,-0.0188906449748449,0.0133305679708879));
#1894=CARTESIAN_POINT('',(-0.0480852663717641,-0.0189795990588544,0.0123509096851684));
#1895=CARTESIAN_POINT('',(-0.0476805283785114,-0.0188909584056358,0.0113713087995951));
#1896=CARTESIAN_POINT('',(-0.0466997763684805,-0.0188003681985817,0.0109644124577797));
#1897=CARTESIAN_POINT('',(-0.0457203661475665,-0.018890855698138,0.011371041369286));
#1898=CARTESIAN_POINT('',(-0.0467,-0.0188305478163501,0.0111));
#1899=CARTESIAN_POINT('',(-0.0247,-0.01235,0.01235));
#1900=CARTESIAN_POINT('',(-0.0247,-0.01235,0.01895));
#1901=CARTESIAN_POINT('',(-0.0247,-0.01235,0.01235));
#1902=CARTESIAN_POINT('',(-0.0467,0.0509286484936091,0.01235));
#1903=CARTESIAN_POINT('',(-0.0467,-0.0242,0.01235));
#1904=CARTESIAN_POINT('',(-0.0467,-0.0242,0.0111));
#1905=CARTESIAN_POINT('',(-0.0467,0.0509286484936091,0.01235));
#1906=CARTESIAN_POINT('',(-0.0467,-0.0005,0.01235));
#1907=CARTESIAN_POINT('',(-0.0467,-0.0005,0.0111));
#1908=CARTESIAN_POINT('',(-0.0327,0.0509286484936091,0.01235));
#1909=CARTESIAN_POINT('',(-0.0327,-0.0242,0.01235));
#1910=CARTESIAN_POINT('',(-0.0327,-0.0242,0.0111));
#1911=CARTESIAN_POINT('',(-0.0327,0.0509286484936091,0.01235));
#1912=CARTESIAN_POINT('',(-0.0327,-0.0005,0.01235));
#1913=CARTESIAN_POINT('',(-0.0327,-0.0005,0.0111));
#1914=CARTESIAN_POINT('',(-0.01235,0.0509286484936091,0.038));
#1915=CARTESIAN_POINT('',(-0.01235,-0.0242,0.038));
#1916=CARTESIAN_POINT('',(-0.01235,-0.0242,0.03675));
#1917=CARTESIAN_POINT('',(-0.01235,0.0509286484936091,0.038));
#1918=CARTESIAN_POINT('',(-0.01235,-0.0005,0.038));
#1919=CARTESIAN_POINT('',(-0.01235,-0.0005,0.03675));
#1920=CARTESIAN_POINT('',(-0.01235,0.0509286484936091,0.014));
#1921=CARTESIAN_POINT('',(-0.01235,-0.0242,0.014));
#1922=CARTESIAN_POINT('',(-0.01235,-0.0242,0.01275));
#1923=CARTESIAN_POINT('',(-0.01235,0.0509286484936091,0.014));
#1924=CARTESIAN_POINT('',(-0.01235,-0.0005,0.014));
#1925=CARTESIAN_POINT('',(-0.01235,-0.0005,0.01275));
#1926=CARTESIAN_POINT('',(-0.0467,-0.01235,0.0242));
#1927=CARTESIAN_POINT('',(-0.0327,-0.01235,0.0242));
#1928=CARTESIAN_POINT('',(-0.0467,-0.01235,0.));
#1929=CARTESIAN_POINT('',(-0.0327,-0.01235,0.));
#1930=CARTESIAN_POINT('',(-0.01235,-0.0242,0.038));
#1931=CARTESIAN_POINT('',(-0.01235,-0.0242,0.014));
#1932=CARTESIAN_POINT('',(-0.01235,0.,0.038));
#1933=CARTESIAN_POINT('',(-0.01235,0.,0.014));
#1934=CARTESIAN_POINT('',(-0.0467,-0.0242,0.01235));
#1935=CARTESIAN_POINT('',(-0.0327,-0.0242,0.01235));
#1936=CARTESIAN_POINT('',(-0.0467,0.,0.01235));
#1937=CARTESIAN_POINT('',(-0.0327,0.,0.01235));
#1938=CARTESIAN_POINT('',(-0.0527,-0.01235,0.01235));
#1939=CARTESIAN_POINT('',(-0.01235,-0.01235,0.044));
#1940=CARTESIAN_POINT('',(-0.002,-0.002,0.023));
#1941=CARTESIAN_POINT('',(-0.002,-0.002,0.045));
#1942=CARTESIAN_POINT('',(-0.002,-0.002,0.0005));
#1943=CARTESIAN_POINT('',(-0.0527,-0.002,0.003));
#1944=CARTESIAN_POINT('',(-0.0527,-0.002,0.0237));
#1945=CARTESIAN_POINT('',(-0.0527,-0.002,0.0005));
#1946=CARTESIAN_POINT('',(-0.002,-0.0227,0.023));
#1947=CARTESIAN_POINT('',(-0.002,-0.0227,0.045));
#1948=CARTESIAN_POINT('',(-0.002,-0.0227,0.0005));
#1949=CARTESIAN_POINT('',(-0.0527,-0.0227,0.023));
#1950=CARTESIAN_POINT('',(-0.0527,-0.0227,0.0237));
#1951=CARTESIAN_POINT('',(-0.0527,-0.0227,0.0005));
#1952=CARTESIAN_POINT('',(-0.02735,-0.0005,0.));
#1953=CARTESIAN_POINT('',(-0.002,-0.0005,0.));
#1954=CARTESIAN_POINT('',(-0.0527,0.,0.0005));
#1955=CARTESIAN_POINT('',(-0.0527,-0.002,0.));
#1956=CARTESIAN_POINT('',(-0.0547,-0.002,0.0005));
#1957=CARTESIAN_POINT('',(-0.002,-0.002,0.));
#1958=CARTESIAN_POINT('',(-0.0005,-0.002,0.));
#1959=CARTESIAN_POINT('',(-0.0542,-0.0247,0.));
#1960=CARTESIAN_POINT('',(-0.0547,-0.0227,0.0005));
#1961=CARTESIAN_POINT('',(0.,-0.0247,0.0005));
#1962=CARTESIAN_POINT('',(-0.0005,-0.0227,0.));
#1963=CARTESIAN_POINT('',(-0.0527,-0.0227,0.));
#1964=CARTESIAN_POINT('',(-0.0527,-0.0247,0.0005));
#1965=CARTESIAN_POINT('',(-0.002,-0.0227,0.));
#1966=CARTESIAN_POINT('',(-0.002,-0.0242,0.));
#1967=CARTESIAN_POINT('',(-0.02735,-0.0247,0.0005));
#1968=CARTESIAN_POINT('',(-0.0227,-0.0247,0.044));
#1969=CARTESIAN_POINT('',(-0.0227,-0.001,0.044));
#1970=CARTESIAN_POINT('',(-0.0227,-0.0237,0.044));
#1971=CARTESIAN_POINT('',(-0.0287,-0.0247,0.0247));
#1972=CARTESIAN_POINT('',(-0.0287,-0.001,0.0247));
#1973=CARTESIAN_POINT('',(-0.0252857864376269,-0.001,0.0281142135623731));
#1974=CARTESIAN_POINT('',(-0.0281142135623731,-0.001,0.0252857864376269));
#1975=CARTESIAN_POINT('',(-0.0281142135623731,-0.0237,0.0252857864376269));
#1976=CARTESIAN_POINT('',(-0.0281142135623731,-0.0237,0.0252857864376269));
#1977=CARTESIAN_POINT('',(-0.0247,-0.0237,0.0287));
#1978=CARTESIAN_POINT('',(-0.0252857864376269,-0.0237,0.0281142135623731));
#1979=CARTESIAN_POINT('',(-0.0252857864376269,-0.001,0.0281142135623731));
#1980=CARTESIAN_POINT('',(-0.02735,-0.0237,0.045));
#1981=CARTESIAN_POINT('',(-0.0227,-0.0237,0.045));
#1982=CARTESIAN_POINT('',(-0.002,-0.0237,0.045));
#1983=CARTESIAN_POINT('',(-0.002,-0.0227,0.045));
#1984=CARTESIAN_POINT('',(-0.001,-0.0227,0.045));
#1985=CARTESIAN_POINT('',(-0.0227,-0.0237,0.044));
#1986=CARTESIAN_POINT('',(-0.0237,-0.0237,0.044));
#1987=CARTESIAN_POINT('',(-0.001,-0.0247,0.045));
#1988=CARTESIAN_POINT('',(-0.001,-0.002,0.045));
#1989=CARTESIAN_POINT('',(-0.0237,-0.0237,0.023));
#1990=CARTESIAN_POINT('',(-0.0237,-0.0237,0.0282857864376269));
#1991=CARTESIAN_POINT('',(-0.002,-0.002,0.045));
#1992=CARTESIAN_POINT('',(-0.002,-0.001,0.045));
#1993=CARTESIAN_POINT('',(-0.0281678932188134,-0.0237,0.0238178932188135));
#1994=CARTESIAN_POINT('',(-0.0282857864376269,-0.0237,0.0237));
#1995=CARTESIAN_POINT('',(-0.0237,-0.0237,0.0282857864376269));
#1996=CARTESIAN_POINT('',(-0.003,-0.001,0.045));
#1997=CARTESIAN_POINT('',(-0.0227,-0.001,0.045));
#1998=CARTESIAN_POINT('',(-0.02735,-0.0237,0.0237));
#1999=CARTESIAN_POINT('',(-0.0282857864376269,-0.0237,0.0237));
#2000=CARTESIAN_POINT('',(-0.0527,-0.0237,0.0237));
#2001=CARTESIAN_POINT('',(-0.0227,-0.001,0.044));
#2002=CARTESIAN_POINT('',(-0.0237,-0.001,0.044));
#2003=CARTESIAN_POINT('',(-0.0527,-0.0227,0.0237));
#2004=CARTESIAN_POINT('',(-0.0537,-0.0227,0.0237));
#2005=CARTESIAN_POINT('',(-0.0237,-0.001,0.03535));
#2006=CARTESIAN_POINT('',(-0.0237,-0.001,0.0282857864376269));
#2007=CARTESIAN_POINT('',(-0.0537,-0.0247,0.0237));
#2008=CARTESIAN_POINT('',(-0.0537,-0.002,0.0237));
#2009=CARTESIAN_POINT('',(-0.0281678932188134,-0.001,0.0238178932188135));
#2010=CARTESIAN_POINT('',(-0.0282857864376269,-0.001,0.0237));
#2011=CARTESIAN_POINT('',(-0.0237,-0.001,0.0282857864376269));
#2012=CARTESIAN_POINT('',(-0.0527,-0.002,0.0237));
#2013=CARTESIAN_POINT('',(-0.0527,-0.001,0.0237));
#2014=CARTESIAN_POINT('',(-0.0397,-0.001,0.0237));
#2015=CARTESIAN_POINT('',(-0.0282857864376269,-0.001,0.0237));
#2016=CARTESIAN_POINT('',(-0.0295284271247462,-0.001,0.0247));
#2017=CARTESIAN_POINT('',(-0.0287,-0.001,0.0247));
#2018=CARTESIAN_POINT('',(-0.0281142135623731,-0.001,0.0252857864376269));
#2019=CARTESIAN_POINT('',(-0.0295284271247448,-0.000869100301252238,0.0247));
#2020=CARTESIAN_POINT('',(-0.0287000000000111,-0.000914017989953807,0.0247000000000042));
#2021=CARTESIAN_POINT('',(-0.0281142135623748,-0.000869100301252238,0.0252857864376252));
#2022=CARTESIAN_POINT('',(-0.0294637243679453,-0.00060736194311796,0.0246479312423356));
#2023=CARTESIAN_POINT('',(-0.0286955087747948,-0.000742076677339817,0.0246891572232083));
#2024=CARTESIAN_POINT('',(-0.0281231471488356,-0.000607361943117969,0.0252032165078995));
#2025=CARTESIAN_POINT('',(-0.0291873444334074,-0.000274482153018261,0.024425517846893));
#2026=CARTESIAN_POINT('',(-0.028640785128363,-0.000404718751724673,0.0245570426537967));
#2027=CARTESIAN_POINT('',(-0.0281613072545881,-0.000274482153018272,0.0248505163618588));
#2028=CARTESIAN_POINT('',(-0.0287736944628288,-5.20687576897198E-5,0.0240926380572117));
#2029=CARTESIAN_POINT('',(-0.0284972260240601,-8.71042253859124E-5,0.024210460317192));
#2030=CARTESIAN_POINT('',(-0.0282184203972158,-5.20687576897303E-5,0.024322640106023));
#2031=CARTESIAN_POINT('',(-0.0284484477283422,2.4349821988378E-18,0.0238308996980377));
#2032=CARTESIAN_POINT('',(-0.028355887665177,-1.85152048289948E-15,0.0238692393342868));
#2033=CARTESIAN_POINT('',(-0.0282633276000673,3.86863921011799E-18,0.0239075789658367));
#2034=CARTESIAN_POINT('',(-0.0282857864376269,2.16840434497101E-18,0.0237));
#2035=CARTESIAN_POINT('',(-0.0282857864376269,2.16840434497101E-18,0.0237));
#2036=CARTESIAN_POINT('',(-0.0282857864376269,2.16840434497101E-18,0.0237));
#2037=CARTESIAN_POINT('',(-0.0295284271247462,-0.001,0.0267));
#2038=CARTESIAN_POINT('',(-0.0295284271247462,-0.0247,0.0267));
#2039=CARTESIAN_POINT('',(-0.0295284271247462,-0.0237,0.0267));
#2040=CARTESIAN_POINT('',(-0.0281142135623731,-0.0237,0.0252857864376269));
#2041=CARTESIAN_POINT('',(-0.0287,-0.0237,0.0247));
#2042=CARTESIAN_POINT('',(-0.0295284271247462,-0.0237,0.0247));
#2043=CARTESIAN_POINT('',(-0.0281142135623748,-0.0238308996987471,0.0252857864376252));
#2044=CARTESIAN_POINT('',(-0.0287000000000111,-0.0237859820100465,0.0247000000000042));
#2045=CARTESIAN_POINT('',(-0.0295284271247448,-0.0238308996987471,0.0247));
#2046=CARTESIAN_POINT('',(-0.0281231471488356,-0.0240926380568823,0.0252032165078995));
#2047=CARTESIAN_POINT('',(-0.0286955087747947,-0.0239579233226601,0.0246891572232084));
#2048=CARTESIAN_POINT('',(-0.0294637243679453,-0.0240926380568824,0.0246479312423357));
#2049=CARTESIAN_POINT('',(-0.0281613072545881,-0.0244255178469816,0.0248505163618588));
#2050=CARTESIAN_POINT('',(-0.028640785128363,-0.0242952812482753,0.0245570426537963));
#2051=CARTESIAN_POINT('',(-0.0291873444334074,-0.0244255178469817,0.0244255178468927));
#2052=CARTESIAN_POINT('',(-0.0282184203972158,-0.0246479312423103,0.024322640106023));
#2053=CARTESIAN_POINT('',(-0.0284972260240601,-0.0246128957746144,0.0242104603171933));
#2054=CARTESIAN_POINT('',(-0.0287736944628288,-0.0246479312423103,0.0240926380572127));
#2055=CARTESIAN_POINT('',(-0.0282633276000673,-0.0247,0.0239075789658367));
#2056=CARTESIAN_POINT('',(-0.028355887665177,-0.0246999999999975,0.0238692393342839));
#2057=CARTESIAN_POINT('',(-0.0284484477283422,-0.0247,0.0238308996980355));
#2058=CARTESIAN_POINT('',(-0.0282857864376269,-0.0247,0.0237));
#2059=CARTESIAN_POINT('',(-0.0282857864376269,-0.0247,0.0237));
#2060=CARTESIAN_POINT('',(-0.0282857864376269,-0.0247,0.0237));
#2061=CARTESIAN_POINT('',(-0.0237,-0.0247,0.028285786437627));
#2062=CARTESIAN_POINT('',(-0.0237,-0.0247,0.0282857864376269));
#2063=CARTESIAN_POINT('',(-0.0237,-0.0247,0.028285786437627));
#2064=CARTESIAN_POINT('',(-0.0239075789658367,-0.0247,0.0282633276000644));
#2065=CARTESIAN_POINT('',(-0.0238692393342839,-0.0246999999999975,0.0283558876651763));
#2066=CARTESIAN_POINT('',(-0.0238308996980384,-0.0247,0.0284484477283393));
#2067=CARTESIAN_POINT('',(-0.024322640106023,-0.0246479312423102,0.0282184203972172));
#2068=CARTESIAN_POINT('',(-0.0242104603171933,-0.0246128957746144,0.0284972260240607));
#2069=CARTESIAN_POINT('',(-0.0240926380572114,-0.0246479312423102,0.0287736944628302));
#2070=CARTESIAN_POINT('',(-0.0248505163618588,-0.0244255178469819,0.0281613072545877));
#2071=CARTESIAN_POINT('',(-0.0245570426537964,-0.0242952812482753,0.0286407851283621));
#2072=CARTESIAN_POINT('',(-0.0244255178468931,-0.0244255178469819,0.0291873444334071));
#2073=CARTESIAN_POINT('',(-0.0252032165078995,-0.0240926380568815,0.0281231471488357));
#2074=CARTESIAN_POINT('',(-0.0246891572232081,-0.0239579233226598,0.0286955087747981));
#2075=CARTESIAN_POINT('',(-0.0246479312423356,-0.0240926380568815,0.0294637243679454));
#2076=CARTESIAN_POINT('',(-0.0252857864376252,-0.023830899698749,0.0281142135623749));
#2077=CARTESIAN_POINT('',(-0.0247000000000049,-0.0237859820100471,0.028700000000004));
#2078=CARTESIAN_POINT('',(-0.0247,-0.023830899698749,0.0295284271247449));
#2079=CARTESIAN_POINT('',(-0.0252857864376269,-0.0237,0.0281142135623731));
#2080=CARTESIAN_POINT('',(-0.0247,-0.0237,0.0287));
#2081=CARTESIAN_POINT('',(-0.0247,-0.0237,0.0295284271247462));
#2082=CARTESIAN_POINT('',(-0.0267,-0.0237,0.0295284271247462));
#2083=CARTESIAN_POINT('',(-0.0267,-0.0247,0.0295284271247462));
#2084=CARTESIAN_POINT('',(-0.0267,-0.001,0.0295284271247462));
#2085=CARTESIAN_POINT('',(-0.0252857864376269,-0.001,0.0281142135623731));
#2086=CARTESIAN_POINT('',(-0.0247,-0.001,0.0287));
#2087=CARTESIAN_POINT('',(-0.0247,-0.001,0.0295284271247462));
#2088=CARTESIAN_POINT('',(-0.0252857864376252,-0.000869100301252238,0.0281142135623749));
#2089=CARTESIAN_POINT('',(-0.0247000000000049,-0.00091401798995379,0.028700000000004));
#2090=CARTESIAN_POINT('',(-0.0247,-0.000869100301252238,0.0295284271247449));
#2091=CARTESIAN_POINT('',(-0.0252032165078996,-0.000607361943117959,0.0281231471488356));
#2092=CARTESIAN_POINT('',(-0.0246891572232081,-0.000742076677339813,0.0286955087747981));
#2093=CARTESIAN_POINT('',(-0.0246479312423357,-0.000607361943117959,0.0294637243679453));
#2094=CARTESIAN_POINT('',(-0.0248505163618586,-0.000274482153018262,0.0281613072545881));
#2095=CARTESIAN_POINT('',(-0.0245570426537965,-0.000404718751724659,0.0286407851283621));
#2096=CARTESIAN_POINT('',(-0.0244255178468927,-0.000274482153018261,0.0291873444334074));
#2097=CARTESIAN_POINT('',(-0.024322640106024,-5.20687576897186E-5,0.0282184203972158));
#2098=CARTESIAN_POINT('',(-0.024210460317193,-8.71042253859475E-5,0.0284972260240607));
#2099=CARTESIAN_POINT('',(-0.0240926380572128,-5.20687576897191E-5,0.0287736944628288));
#2100=CARTESIAN_POINT('',(-0.0239075789658345,1.04957012101718E-18,0.0282633276000673));
#2101=CARTESIAN_POINT('',(-0.0238692393342846,-1.76021886132435E-15,0.0283558876651763));
#2102=CARTESIAN_POINT('',(-0.0238308996980355,1.45242579310293E-18,0.0284484477283422));
#2103=CARTESIAN_POINT('',(-0.0237,1.30104260698261E-18,0.028285786437627));
#2104=CARTESIAN_POINT('',(-0.0237,1.30104260698261E-18,0.0282857864376269));
#2105=CARTESIAN_POINT('',(-0.0237,1.30104260698261E-18,0.0282857864376269));
#2106=MECHANICAL_DESIGN_GEOMETRIC_PRESENTATION_REPRESENTATION('',(#1105),
#2107);
#2107=(
GEOMETRIC_REPRESENTATION_CONTEXT(3)
GLOBAL_UNCERTAINTY_ASSIGNED_CONTEXT((#2108))
GLOBAL_UNIT_ASSIGNED_CONTEXT((#2111,#2110,#2109))
REPRESENTATION_CONTEXT('Part 1','TOP_LEVEL_ASSEMBLY_PART')
);
#2108=UNCERTAINTY_MEASURE_WITH_UNIT(LENGTH_MEASURE(2.E-5),#2111,
'DISTANCE_ACCURACY_VALUE','Maximum Tolerance applied to model');
#2109=(
NAMED_UNIT(*)
SI_UNIT($,.STERADIAN.)
SOLID_ANGLE_UNIT()
);
#2110=(
NAMED_UNIT(*)
PLANE_ANGLE_UNIT()
SI_UNIT($,.RADIAN.)
);
#2111=(
LENGTH_UNIT()
NAMED_UNIT(*)
SI_UNIT($,.METRE.)
);
#2112=PRODUCT_DEFINITION_SHAPE('','',#2113);
#2113=PRODUCT_DEFINITION('','',#2115,#2114);
#2114=PRODUCT_DEFINITION_CONTEXT('',#2121,'design');
#2115=PRODUCT_DEFINITION_FORMATION_WITH_SPECIFIED_SOURCE('','',#2117,
 .NOT_KNOWN.);
#2116=PRODUCT_RELATED_PRODUCT_CATEGORY('','',(#2117));
#2117=PRODUCT('Part 1','Part 1','Part 1',(#2119));
#2118=PRODUCT_CATEGORY('','');
#2119=PRODUCT_CONTEXT('',#2121,'mechanical');
#2120=APPLICATION_PROTOCOL_DEFINITION('international standard',
'ap242_managed_model_based_3d_engineering',2020,#2121);
#2121=APPLICATION_CONTEXT('managed model based 3d engineering');
ENDSEC;
END-ISO-10303-21;
